Trading Name,Trading Code,RIC,Mkt Cap ($M),Tot. Rev ($M),P/E,Yield (%),Sector,GTI Score,4-wk %Pr. Chg.,13-wk %Pr. Chg.,26-wk %Pr. Chg.,52-wk %Pr. Chg.,Net Profit %,ROE %,Price/CF,Debt/Equity,1-yr %Rev. Chg.,Price/Book Value
3Cnergy,502,CNER.SI,42.939,0.162,,,Real Estate,44,0,-12.5,180,75,-23588.89,-61.65,,69.34,-20.98,0.23
8Telecom,AZG,ETEL.SI,7.902,0.802,,,Technology Equipment,57,,,,,-65.84,,,,-26.76,
A-Smart,BQC,ASMA.SI,38.011,5.365,238.32,,Industrial & Commercial Services,61,-15,-19.05,-21.54,-21.54,3.91,1.04,49.36,6.66,,4.29
A-Sonic Aero,BTJ,ASON.SI,19.858,301.644,2.23,2.94,Transportation,57,1.49,36,44.68,36,3.45,21.19,1.52,25.11,,0.3
ABR,533,ABRH.SI,140.697,102.194,60.19,1.79,Food & Beverages,56,0,27.27,7.69,-6.67,2.81,2.61,5.77,33.03,,1.58
Abterra,L5I,ABTR.SI,13.142,50.177,,,Energy - Fossil Fuels,-6,,,,,-5.67,-7.07,,0,-74.89,
Abundance Intl,541,ABUN.SI,21.826,508.793,,,Industrial & Commercial Services,65,17.24,3.03,240,209.09,-0.67,-13.29,,41.33,4.31,0.24
Accordia Golf Tr,ADQU,ACCO.SI,20.206,659.689,0.94,233.7,Cyclical Consumer Services,61.3,0,8.26,32.64,33.84,3.33,2.66,0.23,74.8,0.93,0.02
Accrelist Ltd,QZG,ACCR.SI,9.212,138.869,,,Technology Equipment,,-13.16,-25,32,-52.86,-8.14,-28.68,,51.22,-16.9,0.41
Ace Achieve Info,A75,ACEA.SI,5.762,37.477,,,Technology Equipment,42,,,,,2.42,0.99,3.72,39.82,-33.16,0.13
Acesian Partners,5FW,ACES.SI,5.483,8.554,,,Industrial & Commercial Services,68,-15.38,-21.43,120,0,-99.7,-85.94,,4.58,-60.4,
Acma,AYV,ACMA.SI,3.858,72.424,,,Industrial Goods,67,1.11,4.6,-7.14,-24.17,-14.57,-50.19,,62.32,,0.37
Acromec,43F,ACRO.SI,17.598,31.564,,,Industrial & Commercial Services,61,4.1,24.51,144.23,41.11,-1.35,-6.59,62.72,49.23,0.39,2.28
Addvalue Tech,A31,AVAU.SI,43.458,13.072,16.51,,Technology Equipment,56,-8.33,-12,4.76,0,19.02,27.86,11.92,59.68,,6.04
Advanced,BLZ,ADVA.SI,9.006,94.404,1.22,,Energy - Fossil Fuels,64,0,1.16,128.95,-3.33,8.25,12.51,0.95,22.19,,0.23
Advanced Systems,5TY,ADSA.SI,22.324,10.773,,,Technology Equipment,68,0,0,0,0,-27.8,-137.22,,58.82,,5.21
Advancer Global,43Q,ADVN.SI,25.489,64.194,12.72,7.33,Industrial & Commercial Services,80,-2.88,34.67,-32.21,-42.29,3.36,4.45,5.48,8.34,-6.78,0.97
Adventus,5EF,ADVE.SI,23.407,0,171.43,,Industrial Goods,58,-25,-47.83,140,140,,0.79,88.78,65.24,,0.51
AEI,AWG,AEIC.SI,51.382,8.692,,,Mineral Resources,39,-1.11,-1.11,-1.11,30.88,-64.97,-12.17,,20.63,0.67,0.69
AEM,AWX,AEM.SI,1000.796,446.194,11.57,2.24,Technology Equipment,89,-1.09,16.4,71.56,187.3,19.22,58.7,10.74,2.99,,2.62
AF Global,L38,AFGL.SI,77.062,21.145,,6.85,Cyclical Consumer Services,66,-8.75,-29.81,-37.07,-44.27,-14.16,-0.88,53.4,10.73,,0.63
AGV,1A4,AGVG.SI,14.676,12.197,,,Mineral Resources,55,-8.33,-12,10,-26.67,-44.53,,,,291.56,
AIMS APAC Reit,O5RU,AIMA.SI,869.195,115.511,10.69,6.2,Real Estate,86.3,3.36,2.5,4.24,-10.22,69.7,8.53,,63.89,-3.53,1.08
AIMS Property,BVP,APW.AX,61.998,-2.933,,1.46,Real Estate,,3.73,11.2,15.83,-2.8,,-3.81,,0,-125.78,0.55
AliPictures HKD,S91,ALIB.SI,30710.041,3326.878,,,Cyclical Consumer Services,,-5.26,12.5,-23.08,-42.31,-40.55,-8,,4.91,-5.25,
Alita Resources,40F,ALIT.SI,114.822,69.751,,,Mineral Resources,48,,,,,-69.42,-43.51,,15,,6.13
Alliance HC,MIJ,ALLA.SI,39.083,42.784,16.74,1.81,Healthcare Services,51,4.44,25.33,-4.57,1.62,6.06,13.27,7.77,30.94,17.18,2.43
Allied Tech,A13,ALLT.SI,19.353,116.551,,,Industrial Goods,71,,,,,-24.69,-33.79,,13.65,0.25,
Alpha Energy,5TS,ALPH.SI,72.088,0.564,,,Energy - Fossil Fuels,56,0,0,0,14.29,-45972.79,,,14.81,,0.57
Alset,40V,ALSE.SI,94.545,16.917,,,Real Estate,75,-3.17,-32.97,90.63,29.79,-64.4,-36.85,,8.15,-58.14,0.8
Amara,A34,AMRA.SI,193.274,82.749,9.6,2.99,Cyclical Consumer Services,71,-2.9,-6.94,2.67,-23.57,24.43,5.21,6.14,97.63,,0.68
Amcorp Global,S9B,AMCO.SI,79.991,66.38,,,Real Estate,83,0,0,0,34.59,-78.33,-40.27,,156.19,,0.52
AMOS,RF7,AMOS.SI,51.947,128.622,,,Industrial Goods,57,0,-50,-33.33,-35.48,-8.73,-9.44,,41.34,,0.65
Amplefield Ltd,AOF,AMPL.SI,29.72,4.106,20.89,,Real Estate,77,0,6.45,10,65,35.46,2.15,19.8,2.91,,0.32
AMTD IB OV,HKB,,,,,,,,,,,,,,,,,
AnAn Intl,Y35,ANAN.SI,126.837,1956.783,,,Energy - Fossil Fuels,32,7.14,-36.17,400,1400,0.11,-1.48,9.73,94.76,-22.92,0.18
Anchor Resources,43E,ANCH.SI,8.742,0.914,,,Mineral Resources,76,-14.29,20,50,-14.29,-521.49,-209.48,,177.94,-25.9,3.61
Anchun Intl,BTX,ANIH.SI,11.141,27.924,25.47,10.73,Industrial Goods,50,-4.35,4.76,7.32,-6.38,1.74,0.84,4.33,0,,0.17
AnnAik,A52,AAIK.SI,16.393,52.299,6.91,5.36,Mineral Resources,53,-12.5,-6.67,-6.67,-8.2,6.65,3.75,2.61,58.67,-7.87,0.57
Annica,5AL,ANHL.SI,16.675,10.05,,,Energy - Fossil Fuels,51,0,0,0,0,-7.69,-17.11,,24.97,28.78,3.58
Aoxin Q & M,1D4,AOXI.SI,63.136,25.131,,,Healthcare Services,78,22.22,26.92,-5.71,-8.33,-14.54,-7.75,,21.69,,1.57
AP Oil,5AU,AOIL.SI,23.034,61.218,8.88,5.36,Chemicals,68,-3.45,-3.45,-12.5,-21.35,4.24,4.59,5.51,14.62,-5.86,0.58
APAC Realty,CLN,APAC.SI,126.095,374,7.57,5.63,Real Estate,56,1.43,-4.05,9.23,-31.73,4.42,11.39,6.39,44.45,,1.35
ARA HTrust USD,XZL,ARAU.SI,170.203,125.474,,,Real Estate,66.2,-3.23,-24.05,-33.33,-65.71,-12.51,-3.38,21.7,49.5,,1.03
ARA LOGOS Log Tr,K2LU,ARAL.SI,698.128,112.708,,6.81,Real Estate,81.6,1.59,7.56,21.9,-12.33,-6.65,-1.69,,72.14,,1.06
Arion Ent,YYB,ARIO.SI,5.604,0.869,,,Cyclical Consumer Services,,-25,-25,-14.29,0,-119.22,-42.89,,0,-12.75,1.91
Artivision Tech,5NK,ARTT.SI,10.787,0,,,Holding Companies,65,100,50,100,20,,,,,,
Ascendas Reit,A17U,AEMN.SI,11693.367,990.617,21.04,,Real Estate,94.4,-1.52,-1.82,11.76,5.48,53.42,7.02,92.07,71.11,,1.42
Ascendas-iTrust,CY6U,AINT.SI,1640.935,200.068,7.12,6.03,Real Estate,84.4,7.52,9.16,13.49,-8.33,114.86,18.78,7.13,76.79,,1.38
Ascott Trust,HMN,ASCO.SI,2762.789,475.038,290.85,5.65,Real Estate,,-6.32,-6.81,0.56,-35.51,6.93,0.33,49.21,62.38,,0.9
Asia Enterprises,A55,AEHL.SI,43.765,52.309,46.21,3.91,Mineral Resources,65,-4.48,5.79,11.3,-8.57,1.69,1.02,11.77,11.44,,0.57
Asia Vets,5RE,ASIV.SI,9.864,4.105,14.76,,Healthcare Services,59,-1.39,-21.11,12.7,-45.38,16.54,3.56,9.23,2.42,23.94,
AsiaMedic,505,ASIM.SI,24.632,15.976,,,Healthcare Services,67,0,-4.35,144.44,67.45,-10.04,-22.28,26.54,233.91,-14.7,1.15
Asian Healthcare,1J3,ASAI.SI,88.907,12.205,21.71,6.67,Healthcare Services,80,-1.52,6.56,11.43,-15.22,23.49,15.68,30.64,0,12.35,5.49
Asian Micro,585,AMHL.SI,3.192,3.958,50,,Industrial & Commercial Services,52,0,-25,-25,0,8.86,1.24,6.97,13.84,-11.25,2.37
Asian Pay Tv Tr,S7OU,ASIA.SI,223.988,302.171,11.67,9.27,Cyclical Consumer Services,53.3,-0.8,-2.36,-4.62,-26.19,5.22,1.37,2.15,142.09,-0.82,0.23
AsiaPhos,5WV,ASIP.SI,17.536,1.107,,,Mineral Resources,64,-15,-22.73,-19.05,112.5,-356.28,-5.52,,8.68,39.25,0.1
Asiatic,5CR,ATIC.SI,7.782,48.016,,,Industrial Goods,61,-16.67,-16.67,-28.57,25,-28.03,-39.27,,55.31,27.48,0.26
Asiatravel.com,5AM,ATVE.SI,12.573,94.353,,,Software & IT Services,34,,,,,-34.11,-144.67,,4.91,-33.58,0.98
ASL Marine,A04,ASLM.SI,20.217,243.637,,,Industrial Goods,86,-11.11,6.67,-8.57,-20,-7.55,-16.33,0.48,231.36,-22.13,0.21
Aspen,1F3,ASPE.SI,231.18,72.86,,,Real Estate,64,35.84,267.19,291.67,94.21,-3.48,-1.77,178.38,71.53,,
Aspial,A30,ASPA.SI,276.317,481.982,80.23,5.28,Real Estate,66,-2.07,-5.33,-6.58,-13.94,2.22,1.07,6.42,340.71,,1.12
Astaka,42S,ASTA.SI,164.582,65.933,,,Real Estate,80,,,,,-8.98,-19.73,,22.47,-32,4.35
ASTI,575,ATIH.SI,19.095,58.256,15.73,89.29,Technology Equipment,74,-9.68,-6.67,12,-6.67,13.79,1.55,1.34,11.15,,0.23
Atlantic Nav,5UL,ATLA.SI,20.391,107.001,,,Energy - Fossil Fuels,46,-2.5,8.33,18.18,0,-0.27,-0.26,1.68,95.31,20.27,
AusGroup,5GJ,AUSG.SI,61.084,252.12,,,Energy - Fossil Fuels,56,-9.09,-20,-16.67,-9.09,-24.19,-95.45,,76.51,-8.39,0.89
Avarga,U09,AVAR.SI,242.287,1435.527,10.12,2.39,Applied Resources,78,10.87,74.66,94.66,49.12,2.35,11.62,4.69,162.02,,0.97
Avi-Tech,BKY,AVTH.SI,77.088,29.41,12.6,4.55,Technology Equipment,92,4.76,0,20.55,29.58,20.3,11.85,10.49,0.15,,0.9
AVJennings A$,A05,AVJ.AX,225.84,262.354,24.9,2.16,Real Estate,,7.77,3.74,46.05,-1.77,3.45,2.29,20.23,50.55,-11.51,0.55
Axington,42U,AXIN.SI,54.308,4.589,94.68,10.68,Industrial & Commercial Services,84,0,6.41,78.71,,8.57,2.15,82.2,0,-44.77,
Axington R,IXOR,,,,,,,,,,,,,,,,,
Axington R1,QPQR,,,,,,,,,,,,,,,,,
Ayondo,1I5,AYON.SI,23.878,0,,,Banking & Investment Services,,,,,,,,,,100,
Azeus,BBW,AZEU.SI,42.55,31.757,19.17,2.68,Software & IT Services,61,0,51.06,51.87,59.55,6.99,12.82,10.88,0,22.59,0.76
B&M Hldg,CJN,BMHL.SI,22.771,2.153,,1.62,Banking & Investment Services,59,0,0,0,,-35.14,-8.44,,0,,
Baker Technology,BTP,BATE.SI,42.604,58.948,,,Energy - Fossil Fuels,82,2.44,-4.55,-12.5,-42.47,-32.27,-6.35,,7.65,,0.39
Ban Leong,B26,BANL.SI,25.63,150.234,8.77,5.68,Technology Equipment,70,-4.35,4.76,10,-4.35,1.99,9.24,5.96,13.63,-4.68,0.91
Banyan Tree,B58,BANY.SI,193.514,289.333,,,Cyclical Consumer Services,92,-4.17,-8,-16.36,-48.89,-16.44,-7.27,,79.3,,0.66
BBR,KJ5,BBRS.SI,48.707,122.17,,,Industrial & Commercial Services,78,7.14,-11.24,-16.67,-6.83,-17.07,-16.11,,84.65,,0.44
Beng Kuang,BEZ,BENK.SI,7.426,53.646,,,Industrial & Commercial Services,75,-8.33,-20.29,19.57,19.57,-15.89,-17.17,4.02,66.94,,0.09
Best World,CGN,BEST.SI,751.14,485.628,,3.99,Personal & Household Products & Services,64,,,,,19.3,38.2,7.48,4.27,38.23,
Beverly JCG,VFP,BEVE.SI,15.792,4.729,,,Healthcare Services,,-50,-50,-50,-50,-99.89,-77.6,,6.62,289.86,5.88
BH Global,BQN,BHGC.SI,136.5,61.607,22.52,,Industrial Goods,69,33.82,68.52,468.75,540.85,11.52,12.54,16.41,60.5,,0.45
BHG Retail Reit,BMGU,BHGR.SI,281.047,68.783,17.2,4.87,Real Estate,81.4,-0.9,-10.57,-3.51,-20.29,42.48,3.84,9.58,68.98,,0.83
Biolidics,8YY,BIOL.SI,85.815,7.541,,,Healthcare Services,,8.33,-21.69,3.17,44.44,-41.9,-29.28,,1.02,360.44,6.51
BlackGoldNatural,41H,BLAC.SI,14.035,17.607,,,Energy - Fossil Fuels,66,7.69,-6.67,16.67,40,-14.75,,,77.8,156.16,1.54
Blumont,A33,BLUM.SI,55.142,4.698,200,,Industrial & Commercial Services,59,0,0,100,0,5.26,6.87,58.3,172.02,,16.1
BMM,I9T,BMMO.SI,3.706,,,,Renewable Energy,37,,,,,,,,,,
Boldtek,5VI,BOLD.SI,17.263,54.79,,,Real Estate,77,8.14,3.33,0,-19.13,-6.77,-13.65,,96.04,-30.45,
Bonvests,B28,BVHS.SI,341.289,190.334,,,Cyclical Consumer Services,63,-1.16,-9.57,2.41,-28.57,-7.65,-1.73,19.2,35.95,,0.59
Boustead,F9D,BTSS.SI,347.547,726.561,11.04,4.32,Industrial & Commercial Services,77,0.72,-0.71,13.01,-10.9,6.12,9.1,6.34,43.91,,1.16
Boustead Proj,AVM,BOUS.SI,235.2,426.224,10.31,1.09,Industrial & Commercial Services,85,-2,-6.96,0,-19.67,5.19,7.68,7.24,52.06,,1.01
BRC Asia,BEC,BRCA.SI,293.702,902.78,6.83,4,Cyclical Consumer Products,54,5.93,2.46,11.61,-5.29,4.73,16.61,4.8,136.11,9.17,1.22
Broadway Ind,B69,BRWY.SI,50.967,365.614,,,Industrial Goods,53,1.89,2.86,31.71,145.45,-0.09,-0.44,3.4,42.08,13.33,0.26
Brook Crompton,AWC,BROO.SI,23.226,45.128,7.66,3.05,Industrial Goods,72,-11.49,-10.27,-23.84,-22.94,6.71,8.75,5.98,12.23,,0.75
Bukit Sembawang,B61,BSES.SI,921.723,369.72,12.12,1.12,Real Estate,77,-2.73,-7.53,-10.27,-24.48,20.58,5.79,11.23,29.33,3.32,1.07
Bumitama Agri,P8Z,BUMI.SI,798.133,762.543,9.61,1.98,Food & Beverages,77,-9,-3.19,-1.09,-19.47,13.08,11.15,5.11,81.21,,1.49
Bund Center,BTE,BCIL.SI,380.245,84.904,26.74,2,Real Estate,68,4.17,0,-6.54,-7.41,17.17,3.27,13.01,0.03,,0.98
Camsing Hc,BAC,CAMS.SI,31.012,12.958,,,Retailers,44,,,,,-8.35,-8.52,,33.06,-29.07,
CapitaCom Trust,C61U,CACT.SI,6372.096,407.996,48.22,4.46,Real Estate,112.5,-5.17,-5.71,6.45,-19.51,32.6,1.9,47.77,37.62,1.93,1.17
Capital World,1D5,CAPI.SI,9.164,14.098,,,Real Estate,53,0,0,0,-64.29,-181.37,-25.48,,13.39,-60.83,0.52
CapitaLand,C31,CATL.SI,14564.497,6131.089,10.53,4.35,Real Estate,123,1.47,-3.5,-7.38,-22.91,31.26,5.75,6.98,147.2,,0.66
CapitaMall Trust,C38U,CMLT.SI,7048.195,722.862,39.47,4.32,Real Estate,110.5,-5.91,-4.98,3.24,-27.38,24.68,2.37,38.96,48.51,-1.42,1.27
CapitaR China Tr,AU8U,CRCT.SI,1564.773,228.564,12.52,5.93,Real Estate,98.2,12.39,-0.78,-3.79,-16.99,53.36,6.71,12.73,65.28,,0.95
Captii,AWV,CAPT.SI,10.865,22.779,,3.68,Telecommunications Services,58,0,3.03,21.43,-10.53,3.9,-0.04,5.36,4.01,-23.08,0.3
Casa,C04,CASA.SI,11.75,16.437,3.38,,Cyclical Consumer Products,43,24.44,12,24.44,-3.45,18.21,6.21,3.27,4.15,-12.2,0.33
CDL HTrust,J85,CDLT.SI,1317.629,155.164,16.84,4.21,Real Estate,85.9,2.86,5.88,13.09,-34.55,50.99,4.33,14.46,58.46,,1.09
CDW,BXE,CDWH.SI,34.001,143.779,,11.22,Technology Equipment,85,-9.4,4.65,0,-28.95,-0.24,-0.5,10.94,16.58,,0.59
CEI,AVV,CEII.SI,79.141,130.274,12.15,6.02,Technology Equipment,79,1.69,8.89,7.62,-3.15,4.92,16.39,9.83,20.41,,2
Centurion,OU8,CNCL.SI,285.865,135.751,2.78,2.94,Real Estate,89,0,-5.56,-12.82,-17.07,78.91,18.62,3.37,148.99,9.67,0.66
CFM,5EB,CFMH.SI,6.852,17.415,,,Industrial Goods,71,17.24,142.86,142.86,,-4.04,-6.57,18.82,62.85,-14.25,
CH Offshore,C13,CHOF.SI,18.309,32.864,,,Energy - Fossil Fuels,62,0,-21.21,4,-59.38,-36.18,-11.07,,10.82,,0.5
Challenger,573,CHAL.SI,158.796,284.77,8.35,3.26,Retailers,73,0,4.55,9.52,-3.16,6.7,18.48,4.78,18.78,,1.96
Charisma Energy,5QT,CHAR.SI,26.644,15.586,,,,52,,,,,-232.63,,,1540.9,-10.77,
Chasen,5NV,CHHL.SI,20.973,100.957,,,Transportation,87,-1.82,-3.57,8,-22.86,-15.1,-24.88,,52.35,,0.41
ChasWood Res,5TW,CHAS.SI,2.26,0.707,,,Cyclical Consumer Services,41,,,,,-337.81,,,,-26.85,
Chemical Ind,C05,CHEM.SI,47.086,62.215,14.03,2.42,Chemicals,46,0,-1.59,-3.13,-12.68,5.39,2.81,5.21,0.02,-9.6,0.47
Cheung Woh,C50,CHWO.SI,30.995,48.859,,5.05,Industrial Goods,69,10,-1,-13.91,-37.74,-10.37,-6.47,15.16,6.94,-36.4,0.54
China Aviation,G92,CNAO.SI,843.473,21772.037,8.99,4.82,Energy - Fossil Fuels,84,4.84,-2.5,-6.25,-18.75,0.43,8.49,7.69,2.55,,1.06
China Env,5OU,CHEN.SI,31.164,1.186,,,Industrial & Commercial Services,59,,,,,-1530.68,-23.23,,21.54,,0.36
China Env Res,RS1,1130.HK,124.229,75.406,,,Industrial & Commercial Services,,-6.15,22,0,-19.74,-73.96,-9.28,,3.48,-36.84,0.4
China Everbright,U9E,CEWL.SI,1220.934,908.624,4.27,6.23,Utilities,83,-4.44,-4.44,2.38,-31.75,16.63,9.3,7.26,97.64,,0.63
China Fishery,B0Z,CNFG.SI,270.692,662.153,,,Food & Beverages,45,,,,,6.61,2.22,2.06,104.74,-20.31,0.5
China Great Land,D50,CHIG.SI,1.353,0,,,Cyclical Consumer Products,26,,,,,,,,,,
China Haida,C92,CHHA.SI,1.022,27.242,,,Mineral Resources,68,0,0,0,-20,-81.82,-65.65,,9.89,-40.27,
China Hongxing,BR9,CHXS.SI,345.218,0,,,Cyclical Consumer Products,22,,,,,,,,,,
China Intl,BEH,CHNA.SI,20.715,24.963,2.24,,Industrial & Commercial Services,59,7.41,0,58.47,13.73,47.65,14.24,1.31,31.97,,
China Jishan,J18,CJIS.SI,57.445,7.365,,10.16,Cyclical Consumer Products,75,0,0,137.5,-5,-197.51,-41.44,,163.95,-3.71,0.87
China Mining,BHD,CMIL.SI,8.119,0.526,,,Real Estate,57,2.22,24.32,15,-54,-873.61,-24.6,,0,,0.76
China Paper,C71,CPHL.SI,43.925,147.936,,,Applied Resources,26,,,,,-6.17,-2.86,4.27,0,-28.52,0.12
China Real Estate,5RA,CHIR.SI,35.648,,,,Real Estate,53,100,0,100,100,,,,2.42,,0.67
China Sky Chem,E90,CSKY.SI,24.198,322.346,,,Cyclical Consumer Products,12,,,,,-22.9,-17.16,,0,-24.79,
China Sports,FQ8,CSIL.SI,12.806,52.317,,,Cyclical Consumer Products,44,,,,,0.15,0.08,3.81,0,29.19,0.07
China Star Food,42W,CHIA.SI,14.887,65.529,,,Food & Beverages,48,0,8.7,31.58,-7.41,-2,-1.51,4.48,5.22,-9.48,0.13
China Yuanbang,BCD,CYBP.SI,15.311,117.038,1.64,,Real Estate,64,15.18,22.22,69.23,-20,9.66,6.33,1.22,115.23,,0.19
ChinaKangdaFood,P74,0834.HK,136.92,1663.941,,,Food & Beverages,56,-19.23,-3.08,-13.7,-58,-0.11,-0.32,1.52,68.86,2.49,0.38
ChinaKundaTech,GU5,CKUN.SI,12.689,7.328,,,Automobiles & Auto Parts,70,14.81,40.91,287.5,181.82,-16,-12.5,,0,4.29,0.44
ChinaSunsine,QES,CHSN.SI,389.523,470.598,9.28,2.53,Chemicals,,12.86,12.86,6.76,-31.3,8.85,8.17,5.88,0.43,,1.16
Chip Eng Seng,C29,CESE.SI,362.568,840.362,,9.09,Real Estate,85,0,-10.2,-16.19,-28.46,-0.79,-0.75,13.19,232.34,,0.56
Choo Chiang,42E,CHOO.SI,44.72,53.568,13.69,3.26,Industrial Goods,46,2.38,2.38,79.48,,6.1,7.12,10.17,6.27,-15.56,
Chuan Hup,C33,CHHS.SI,199.329,34.265,,4.65,Real Estate,63,0,12.57,10.26,-15.69,-67.86,-6.67,,0.02,,0.69
Citicode,5FH,CITC.SI,41.317,18.02,,,Mineral Resources,75,0,0,0,0,-1.63,,,,,
CityDev,C09,CTDM.SI,7028.899,2905.101,37.4,1.81,Real Estate,125,-4.45,-7.43,0.82,-25.08,7.56,1.85,14.29,84.83,,0.83
Civmec,P9D,CIVM.SI,202.349,376.739,11.97,2.45,Industrial & Commercial Services,83,9.46,1.25,10.96,15.71,4.48,8.04,7.51,67.26,-19.78,1
Clearbridge,1H3,CLEA.SI,96.253,36.139,,,Healthcare Services,70,1.28,-11.24,16.18,12.86,-16.61,-10.88,,37.44,,1.76
CNMC Goldmine,5TP,CNMC.SI,120.119,39.633,66.76,1.36,Mineral Resources,79,5.36,21.76,54.57,10.49,5.24,3.1,14.94,2.27,,1.86
Colex,567,COLX.SI,24.119,59.481,10.12,2.47,Industrial & Commercial Services,60,-6.67,31.44,57.42,11.87,4.02,5.56,3.91,9.99,-12.54,0.55
Combine Will,N0Z,CWIHx.SI,30.675,223.979,4.39,5.26,Cyclical Consumer Products,64,-4.04,1.6,-4.04,-5.94,3.12,6.01,1.47,60.31,,0.3
ComfortDelGro,C52,CMDG.SI,3163.628,3504.3,28.08,3.62,Transportation,110,-1.35,2.1,-3.95,-39.92,4.18,4.47,5.61,32.74,,2.24
Cordlife,P8A,CORD.SI,93.634,58.051,11.86,2.86,Healthcare Services,59,-5.41,2.94,6.06,-16.67,12.95,6.01,7.48,3.77,,1.06
Cortina,C41,CORT.SI,311.287,513.813,7.92,3.19,Retailers,75,12.57,43.93,61.16,45.04,8.11,18.23,4.4,12.03,,1.11
COSCO SHP SG,F83,COSC.SI,416.5,177.56,99.47,,Transportation,55,-4.62,-7,-17.33,-33.57,2.65,0.78,9.94,50.81,,1.32
CosmoSteel,B9S,COSM.SI,23.813,83.024,4.27,3.05,Mineral Resources,85,9.33,1.23,12.33,2.5,6.72,7.22,2.21,40.44,,0.19
Courage Inv,CIN,1145.HK,116.348,89.956,,,Transportation,,51.43,7.07,32.5,6.53,-12.03,-3.24,,43.81,-24.18,0.44
CPH,539,CIPH.SI,6.146,,,,Real Estate,59,25,0,25,0,,,,3.53,,0.97
Creative,C76,CREA.SI,185.767,83.042,,,Technology Equipment,58,0,-13.89,6.44,-12.06,-28.73,-17.42,,0,,1.77
CromwellReit EUR,CNNU,CROM.SI,1214.138,188.334,17.14,7.94,Real Estate,95.4,0,5.56,18.75,-5.94,37.49,5.8,,59.26,,0.92
CromwellReit SGD,CSFU,,,,,,,,,,,,,,,,,
CSC,C06,CSCH.SI,43.973,342.789,7.73,,Industrial & Commercial Services,56,-5.88,-15.79,-15.79,-20,2.13,,1.22,89.38,6.08,0.38
CSE Global,544,CSES.SI,239.972,523.616,8.4,5.91,Software & IT Services,78,-4.12,1.09,17.72,-1.06,5.39,16,5.27,29.03,,1.46
CWX Global,594,CWXG.SI,7.79,3.468,,,Energy - Fossil Fuels,80,100,-33.33,0,-33.33,-98.83,-5.12,,38.94,,0.11
DairyFarm USD,D01,DAIR.SI,5140.271,10671.4,19.7,5.13,Food & Drug Retailing,,-4.28,-16.85,-23.23,-35.7,2.43,24.06,4.16,446.21,-7.86,9.07
Darco Water Tech,BLR,DRWT.SI,11.447,71.592,,,Industrial & Commercial Services,67,-15.86,-23.75,-6.87,-41.9,-18.47,-23.56,,19,-16.66,0.6
Dasin Retail Tr,CEDU,DASI.SI,620.3,77.837,,6.18,Real Estate,85.9,-0.62,1.91,-0.62,-5.33,-97.99,-9.62,,66.68,,0.66
Datapulse Tech,BKW,DATA.SI,41.624,2.584,,2.63,Technology Equipment,63,5.56,4.4,2.7,-11.63,-222.6,-7.77,,30.04,,0.68
DBS,D05,DBSM.SI,54889.32,14670,10,5.33,Banking & Investment Services,123,6.68,0.05,10.94,-14.23,35.95,10.62,8.95,116.48,,1.34
Debao Property,BTF,DPDL.SI,11.281,50.469,,,Real Estate,40,-21.05,-50,70.45,141.94,-85.43,-25.52,,187.24,66.52,0.03
Del Monte Pac,D03,DMPL.SI,730.258,2940.591,,5.69,Food & Beverages,109,0,46.06,44.62,12.36,-2.57,-9.2,6.11,345.48,14.37,0.34
Delfi,P34,DELF.SI,412.015,600.792,12.82,4.81,Food & Beverages,85,-4.93,-6.9,-3.57,-32.5,5.35,10.65,8.1,23.12,,2.67
Design Studio,D11,DESS.SI,21.602,114.686,,,Retailers,54,0,0,0,3.75,-44.71,-91.81,,0,-30.12,0.86
DISA,532,DISA.SI,20.077,6.958,,,Industrial Conglomerates,61,0,100,0,0,-196.44,-90.21,,0.82,1269.69,0.92
Don Agro,GRQ,DONA.SI,45.082,,,2.31,Food & Beverages,,7.14,15.38,-4.76,,,,,,,
Dragon,MT1,DRGN.SI,1.373,2.735,,,Industrial Goods,64,,,,,448.66,136.09,0.11,0,-29.87,
Dukang,BKV,DDHL.SI,5.203,22.982,,,Food & Beverages,54,0,18.18,-1.52,4.84,-65.24,-7.53,,11.29,,0.04
Dutech,CZ4,DTHL.SI,96.533,358.48,6.75,3.7,Technology Equipment,62,0,-6.9,31.71,28.57,3.99,7.14,3.34,22.17,,0.47
Duty Free Intl,5SO,DUTY.SI,103.298,154.229,,5.95,Transportation,63,-9.68,-12.5,-14.53,-29.49,-4.57,-3.58,,20.61,-18.08,0.75
Dyna-Mac,NO4,DMHL.SI,91.066,116.624,,,Industrial Goods,79,-4.3,-14.42,2.3,-1.11,-32.89,-44.16,,48.63,32.37,1.06
Eagle HTrust USD,LIW,EAGL.SI,119.567,74.346,,25.39,Real Estate,,0,0,0,-79.24,-54.04,-5.43,,65.08,,0.8
EC World Reit,BWCU,ECWO.SI,547.321,103.276,9.62,8.15,Real Estate,80.3,3.03,5.43,6.25,-7.48,54.65,8.23,,72.46,8.76,0.92
EcoWise,5CT,ECOW.SI,28.724,51.156,37.97,,Industrial & Commercial Services,78,7.14,7.14,30.43,20,2.22,2.04,6.25,45.36,,0.73
Edition,5HG,EDIT.SI,12.616,0.136,,,Food & Beverages,64,-16.67,-16.67,-16.67,0,-4115.44,-28.39,,1.7,34.65,0.56
Eindec,42Z,EIND.SI,11.093,8.817,,,Industrial Goods,58,25.61,296.15,329.17,,-27.54,-33.93,,25.6,-14.84,
EliteComREIT GBP,MXNU,ELIE.SI,213.363,,,,Real Estate,,4.07,-6.57,-3.76,,,,,,,
Ellipsiz,BIX,ELPZ.SI,55.083,54.235,,1.52,Technology Equipment,54,0,-2.94,11.86,-18.54,3.97,-0.6,16.17,0,,0.57
EMAS Offshore,UQ4,,,,,,,,,,,,,,,,,
Eneco Energy,R14,ENEC.SI,16.866,38.353,,,Transportation,38,0,0,0,-55.17,-69.26,,,167.1,-10.4,3.96
EnGro,S44,ENGR.SI,115.141,117.336,11.39,2.58,Mineral Resources,88,-4.9,23.57,10.23,-3.96,8.56,4.29,7.9,2.46,,0.43
Envictus,BQD,ETIK.SI,30.191,151.71,,,Cyclical Consumer Services,52,22,23.23,96.77,1.67,-9.66,-14.55,,47.1,,0.3
Enviro-Hub,L23,EHHL.SI,37.215,32.963,,,Industrial & Commercial Services,56,9.09,-23.4,200,80,-0.78,-1.29,12.07,230.99,,0.52
Epicentre,5MQ,EPHL.SI,2.875,-3.175,,,Retailers,54,,,,,,-65.18,,139.12,-62.4,2.05
ES,5RC,ESGL.SI,9.178,27.289,1.38,2.31,Industrial Goods,72,12.07,44.44,48.18,167.86,21.39,23.1,1.27,31.47,12.85,
ESR-REIT,J91U,ESRR.SI,1364.116,238.214,,6.95,Real Estate,86.1,-2.53,-3.75,10,-29.36,-29.43,-4.86,,83.07,,1.05
ETC Singapore,1C0,EMER.SI,25.429,34.187,8.39,,Real Estate,82,4,4,73.33,52.94,24.26,3.07,2.96,40.91,,0.15
EuroSports Gbl,5G1,EURO.SI,42.4,80.422,19.35,,Retailers,71,6.67,-5.88,45.45,-13.51,2.68,24.91,4.87,198.7,-16.43,6.58
Excelpoint,BDF,EXCE.SI,40.667,1379.681,12.09,,Technology Equipment,72,0,-2.86,6.25,-20.93,0.24,3.2,4.52,177,,0.6
Ezion,5ME,EZHL.SI,157.263,77.203,,,Energy - Fossil Fuels,82,,,,,-837.77,,,,-48.42,
Ezra,5DN,EZRA.SI,32.243,713.044,,,Energy - Fossil Fuels,30,,,,,-176.69,-121.68,,133.16,-3.44,0.25
F & N,F99,FRNM.SI,1740.103,1947.256,11.61,4.58,Food & Beverages,79,-4.76,-11.76,-17.81,-29.82,10.82,5.14,6.09,23.45,5.15,0.92
Fabchem China,BFT,FBCH.SI,7.274,23.305,,,Chemicals,68,3.33,6.9,-2.52,,-32.48,-21.5,,30.17,,0.19
Falcon Energy,5FL,FEGL.SI,23.276,40.426,,,Energy - Fossil Fuels,50,,,,,-326.67,-109.48,,156.31,-55.62,0.22
Far East,5TJ,FAEA.SI,12.484,62.125,,1.61,Industrial Goods,68,-4.27,-12.5,19.15,-6.67,-7.7,-9.45,,92.29,13.39,0.31
Far East HTrust,Q5T,FAEH.SI,1096.697,104.091,23.38,4.48,Real Estate,99.2,-0.88,12,14.29,-20.57,44.59,2.78,,60.6,,0.77
Far East Orchard,O10,FARE.SI,448.652,145.739,22,6.09,Cyclical Consumer Services,92,0.51,-2.48,-1.5,-15.09,9.94,1.59,11.6,45.96,,0.42
Federal Int,BDU,FEDL.SI,22.241,70.453,,,Energy - Fossil Fuels,83,-3.66,-7.06,-15.96,-26.51,-2.32,-2.43,26.23,32.1,,0.34
Figtree,5F4,FIGT.SI,35.591,9.68,,3,Real Estate,70,11.11,58.73,88.68,-9.09,-29.46,-5.4,,6.23,,0.7
First Reit,AW9U,FRET.SI,349.968,96.259,12.77,,Real Estate,74.9,-4.4,-38.3,-45.63,-57.35,31.72,3.18,11.46,55.83,,0.94
First Resources,EB5,FRLD.SI,1964.25,814.832,14.03,2.2,Food & Beverages,94,-5.34,-10.79,-3.13,-20,18.06,10.39,7.86,42.16,,1.93
First Sponsor,ADN,FSCA.SI,1187.244,298.537,7.69,2.08,Real Estate,86,4,18.43,19.49,2.94,61.51,11.97,6.11,55.57,,0.7
FJ Benjamin,F10,FJBN.SI,12.739,92.915,,,Retailers,53,-17.65,-22.22,-46.15,-56.25,-16.09,-32.99,,38.56,,0.52
Food Empire,F03,FEMP.SI,323.672,384.322,9.06,1.67,Food & Beverages,42,2.56,14.29,15.45,17.67,9.13,13.22,7.04,27.62,,1.01
Forise Int,8A1,FOIL.SI,8.031,0.678,,,Industrial & Commercial Services,,46.88,-24.8,276,25.33,-856.61,-96.13,,0,,
FortressMinerals,OAJ,FORR.SI,99.875,43.964,6.85,1.8,Mineral Resources,65,-9.09,-6.98,0,-4.76,33.14,33.02,5.05,2.89,16.96,2.99
Fragrance,F31,FRAG.SI,766.08,91.162,10.8,3.07,Real Estate,60,-0.87,-1.72,0.88,-1.91,77.54,5.58,10.44,125.63,,0.6
Frasers Cpt Tr,J69U,FCRT.SI,3934.829,197.291,11.37,3.31,Real Estate,76.2,-9.8,0.66,14.41,-15.33,114.94,10.29,17.35,42.12,0.74,1.14
Frasers HTrust,ACV,FRHO.SI,826.135,137.166,22.63,5.54,Real Estate,86.3,-1.15,-6.52,-14,-40.28,29.75,2.44,18.53,54.99,-9.87,0.91
Frasers L&C Tr,BUOU,FRAE.SI,4629.016,243.489,12.97,5.29,Real Estate,92.5,-4.23,13.33,33.33,5.43,94.61,11,,56.49,10.62,1.27
Frasers Property,TQ5,FRPL.SI,3393.767,3907.807,7.93,3.1,Real Estate,87,-2.52,-4.13,-7.94,-34.46,27.58,4.81,3.22,165.9,-17.71,0.56
Frencken,E28,FREN.SI,443.147,628.234,10.71,2.88,Industrial Goods,57,7.22,10.05,42.47,50.72,6.59,13.97,7.09,30.35,,1.01
FSL Trust,D8DU,FSLT.SI,132.439,95.919,7.44,,Transportation,81.4,5.63,-6.25,36.36,68.97,18.54,7.5,2.72,46.66,2.5,0.28
Fu Yu,F13,FUYU.SI,180.719,168.938,12.03,6.67,Industrial Goods,84,-2.04,2.13,6.67,6.67,8.89,9.25,7.02,5.71,,0.96
Fuji Offset,508,FOPS.SI,20.963,4.424,15.88,0.71,Industrial Goods,79,0,-2.33,0,-6.67,30.76,4.75,10.97,0.46,-4.01,
Full Apex,BTY,FULL.SI,17.789,201.304,,,Applied Resources,7,,,,,-1.97,-1.77,2.46,58.5,11.9,
Fuxing China,AWK,FXCG.SI,11.922,143.366,,,Cyclical Consumer Products,54,0,-20,36,-12.82,-5.79,-6.42,,61.69,,0.1
G Invacom,QS9,GLOB.SI,25.384,156.616,,,Technology Equipment,68,-9.09,-7.22,16.88,-41.18,-11.73,-26.47,,29.17,,0.32
G K Goh,G41,GKHS.SI,238.735,115.061,,2.72,Industrial & Commercial Services,61,0,-1.34,-2.65,-10.37,0.08,-0.14,14.64,46.78,,0.67
Gallant Venture,5IG,GLVT.SI,678.162,1039.451,,,Automobiles & Auto Parts,75,4.17,8.7,13.64,5.93,-21.27,-17.56,,222.53,,0.47
GCCP,41T,GCCP.SI,11.94,2.465,,,Mineral Resources,49,-9.09,-28.57,42.86,-16.67,-110.56,-14,,22.49,-52.48,0.45
GDS Global,5VP,GDSG.SI,9.296,17.95,,3.61,Cyclical Consumer Products,63,0,-15.31,-15.31,,1.33,-1,5.34,0,24.26,
Genting Sing,G13,GENS.SI,8102.998,1651.47,40.83,5.97,Cyclical Consumer Services,83,-2.9,-12.99,-11.26,-27.57,11.99,2.54,14.42,3.4,,1.4
Geo Energy Res,RE4,GEOE.SI,148.137,396.616,4.06,,Energy - Fossil Fuels,93,-4.5,-5.36,32.5,-27.4,9.15,15.25,2.37,180.38,20.12,0.97
GKE,595,GKEC.SI,63.576,107.262,13.16,,Transportation,67,2.56,15.94,45.45,56.86,4.5,6.45,3.1,105.98,,0.68
GL,B16,GLLI.SI,710.504,350.61,,,Cyclical Consumer Services,60,-3.7,-13.33,-8.77,-32.47,-10.34,-2.72,58.79,19.48,,0.74
Global Dragon,586,GLOL.SI,28.643,1.64,,,Real Estate,73,0,2.44,-46.84,-27.59,-195.3,-9.05,,71.02,65.49,1.11
Global Inv,B73,GLNV.SI,239.614,1.556,,6.47,Collective Investments,105,2.96,2.21,10.32,0,-297.88,-1.5,,0,,0.7
Global Palm Res,BLW,GPRL.SI,19.99,25.712,,,Food & Beverages,55,7.78,-5.83,-35.33,-25.38,-8.42,-3.74,,0.26,,0.69
Global Testing,AYN,GTCL.SI,9.493,30.774,,,Technology Equipment,52,-10,-12.9,-6.9,-46,-5.76,-4.38,0.98,9.46,,0.53
Golden Agri-Res,E5H,GAGR.SI,1846.296,9037.96,16.22,4.03,Food & Beverages,81,2.13,-5.88,-8.28,-31.43,1.53,2.04,3.18,74.58,,0.67
Golden Energy,AUE,GOLD.SI,371.325,1648.99,19.53,,Energy - Fossil Fuels,70,-4.24,1.28,-16.4,-6.51,3.54,3.73,3.96,86.53,,1.01
Goodland,5PC,GLGP.SI,66.991,14.76,,0.88,Real Estate,54,6.25,3.03,3.03,-11.92,-27.38,-2.01,,32.72,,0.38
GP Industries,G20,GPEI.SI,276.32,1062.358,13.18,2.36,Industrial Goods,61,4.95,2.91,1.92,-6.99,2.73,5.24,4.17,135.69,,0.77
Grand Banks,G50,GBYL.SI,35.634,103.234,33.86,,Cyclical Consumer Products,94,6.04,13.53,-3.5,-29.82,1.02,1.9,5.81,29.05,,0.9
Grand Venture,JLB,GRAN.SI,64.42,48.911,16.95,,Industrial Goods,64,-5.17,19.57,17.02,25,7.77,11.96,6.62,77.69,31.4,1.72
Great Eastern,G07,GELA.SI,8666.472,16574.1,10.51,3.28,Insurance,95,-1.24,-6.58,-2.03,-15.11,5.07,9.93,9.41,4.96,,1.5
Green Build,Y06,GREE.SI,3.711,17.78,,,Industrial & Commercial Services,57,-6.25,-6.25,-57.14,,-10.35,-12.76,,815.28,-40.17,
GRP,BLU,GRPS.SI,30.024,23.035,,6.45,Real Estate,84,-8.82,-22.11,-7.19,-13.89,-18.56,-6.34,,2.77,-25.22,0.31
GS Hldg,43A,GSHO.SI,105.446,26.061,13.55,1.75,Cyclical Consumer Services,37,0,8.57,25.27,14,57.35,50.68,6.77,79.89,141.82,2.67
GSH,BDX,GSHC.SI,365.752,162.15,57.1,1.35,Cyclical Consumer Services,70,-2.63,-9.76,-1.07,-53.16,3.97,1.67,20.67,118.57,,2.2
GSS Energy,41F,GSSE.SI,25.837,91.79,6.82,,Industrial Goods,60,-7.14,-17.46,-3.7,-25.71,3.47,7.71,3.79,15.1,,0.9
Guoan Intl,G11,0143.HK,418.444,168.839,,,Technology Equipment,,-5.26,35,-20.59,-10,-28.87,-15.3,,138.71,8.9,1.7
GuocoLand,F17,GUOC.SI,1834.229,941.841,18.08,3.87,Real Estate,104,5.44,1.97,6.16,-23.27,9.56,2.24,17.1,106.1,,0.52
GYP Properties,AWS,GYPP.SI,25.928,8.645,,,Real Estate,60,-9.62,-7.84,-3.09,-18.97,-82.57,-9.99,,121.92,,0.49
Hafary,5VS,HFRY.SI,59.416,87.04,11.17,7.25,Cyclical Consumer Products,70,2.22,0,-13.75,-5.48,6.27,8.3,4.21,240.64,,
Hai Leck,BLH,HLHL.SI,92.697,95.351,22.57,2.22,Energy - Fossil Fuels,65,-10,12.5,-7.22,-13.46,4.3,3.43,8.54,0.02,14.87,0.85
Halcyon Agri,5VJ,HALC.SI,299.487,2398.098,,,Automobiles & Auto Parts,88,-8.29,-29.06,-46.29,-58.22,-2.35,-7.25,,201.61,,1
Hanwell,DM0,HANW.SI,162.734,449.946,13.33,0.88,Applied Resources,73,1.79,42.5,52.41,29.55,4.35,4.22,4.67,33.87,,0.4
Hatten Land,PH0,HATT.SI,89.057,,,0.06,Real Estate,58,0,13.73,-24.68,-42,,,,108.18,,1.16
Haw Par,H02,HPAR.SI,2096.854,181.4,13.05,3.16,,89,1.17,-3.07,-11.32,-28.02,88.57,5.65,12.55,0.78,,1.02
HC Surgical,1B1,HCSU.SI,46.176,16.723,13.08,6.56,Healthcare Services,64,-1.61,-4.69,-27.38,-45.54,24.16,19.35,8.59,2.52,,4.19
HealthBank,40B,HEAL.SI,10.794,0.378,,,Cyclical Consumer Services,46,0,0,0,345.16,-1688.13,-38.41,,1.94,-83.04,
Healthway Med,5NG,HEMC.SI,144.74,104.625,,,Healthcare Services,67,3.23,0,3.23,23.08,-1.65,-0.97,15.85,1.05,,0.76
Heatec Jietong,5OR,HTJT.SI,2.705,20.88,,,Cyclical Consumer Products,83,-8.33,22.22,-35.29,-43.59,-5.38,-7.82,37.32,57,-19.1,
Heeton,5DP,HEET.SI,92.67,48.315,,1.58,Real Estate,53,3.26,-2.06,-20.83,-35.23,-12.83,-1.09,,102.07,,0.33
Hengyang Petro,5PD,HNYG.SI,30.604,0,,,Energy - Fossil Fuels,59,0,-40,-40,-25,,-6.54,,0.02,,
HG Metal,BTG,HGMM.SI,23.51,119.507,42.15,,Mineral Resources,68,0,0,2.86,-10,0.83,0.55,3.95,17.11,,0.28
HGH,5GZ,HGHH.SI,16.028,19.023,,,Technology Equipment,54,12.5,0,28.57,0,-16.45,-5.63,7.91,2.39,-10.48,0.31
Hi-P,H17,HIPI.SI,1126.712,1338.207,12.96,1.78,Industrial Goods,69,16.51,4.1,30.93,-7.97,5.94,13.52,6.6,24.34,,2.01
Hiap Hoe,5JK,HIAP.SI,289.48,113.83,,2.46,Real Estate,74,-3.94,-8.27,-10.29,-23.75,-4.27,-0.64,9.95,99.88,,0.51
Hiap Seng,510,HSEN.SI,6.075,,,,Energy - Fossil Fuels,62,0,0,0,-33.33,,,,470.79,,4.19
Hiap Tong,5PO,HTCL.SI,18.176,58.758,,,Banking & Investment Services,59,3.51,-1.67,-11.94,-10.61,-13.82,-9.86,2.65,57.8,8.37,0.22
HL Global Ent,AVX,HLGE.SI,20.661,5.377,,,Cyclical Consumer Services,79,0,-10.2,-24.14,-37.14,-3.57,-0.25,25.57,0.35,,0.44
Ho Bee Land,H13,HBEE.SI,1594.581,214.763,3.96,3.52,Real Estate,76,0.89,9.13,14,-0.37,177.17,11.22,4.18,74.29,,0.48
Hock Lian Seng,J2T,HLSG.SI,128.026,133.655,11.79,2.4,Industrial & Commercial Services,68,0,-7.41,-5.66,-25.37,8.16,5.38,7.9,0,,0.85
Hoe Leong,H20,HLEC.SI,11.24,51.083,,,Industrial Goods,64,,,,,-31.23,-104.18,,124.68,-28.18,
Hong Fok,H30,HONG.SI,605.075,109.568,4.36,1.44,Real Estate,102,10.32,3.73,0,-14.72,101.32,5.62,5.35,43.14,,0.31
Hong Lai Huat,CTO,HONL.SI,31.293,21.386,,3.55,Real Estate,66,-9.62,12.8,0.71,-15.57,-0.53,-0.09,6.92,2.21,,0.36
Hong Leong Asia,H22,HLAA.SI,355.213,4190.738,10.67,2.11,Automobiles & Auto Parts,98,1.06,-3.06,-5.94,-18.1,3.32,4.21,1.4,113.97,,0.53
Hong Leong Fin,S41,HLSF.SI,1020.42,381.294,6.46,5.92,Banking & Investment Services,99,-1.72,-4.2,1.33,-12.31,44.95,4.6,10.73,2.53,,0.64
HongkongLand USD,H78,HKLD.SI,8775.569,2336,,5.85,Real Estate,,1.08,-6,-12.15,-30.37,-87.46,-5.48,,13.08,19.59,0.39
Hor Kew,BBP,HKEW.SI,13.277,51.988,4.03,,Industrial & Commercial Services,42,10.87,27.5,34.21,82.14,6.34,5.92,1.47,124.4,-8.39,0.14
Hosen,5EV,HSNG.SI,15.716,74.294,,,Food & Drug Retailing,59,4.76,57.14,91.3,37.5,-0.47,-0.04,19.67,39.05,11.38,0.44
Hotel Grand,H18,HGCS.SI,679.311,127.705,33.89,4.28,Cyclical Consumer Services,56,0.54,0,-0.53,-26.95,15.64,1.48,16.3,4.13,,0.7
Hotel Royal,H12,HTRS.SI,272.16,47.197,,0.93,Cyclical Consumer Services,92,-3.57,-11.18,-2.17,-10,-1.09,-0.08,35.46,17.06,,
Hotung Inv,BLS,HOTU.SI,148.247,17.887,14.93,8.45,Banking & Investment Services,39,-0.7,-3.4,-5.33,-7.79,57.31,3.23,13.99,0.47,,0.58
HPH Trust SGD,P7VU,,,,,,,,,,,,,,,,,
HPH Trust USD,NS8U,HPHT.SI,1202.225,1351.548,18.37,8.81,Transportation,73.9,4.55,32.69,7.81,-13.75,16.04,1.97,1.97,117.08,,0.6
HPL,H15,HPPS.SI,1486.247,423.971,,1.4,Cyclical Consumer Services,47,-1.38,-7.47,-2.19,-23.87,-10.19,-1.46,43.16,44.72,,0.91
HRnetGroup,CHZ,HRNE.SI,470.304,420.948,11.22,6.02,Industrial & Commercial Services,80,3.33,-6.06,-4.12,-19.13,10.72,13.03,8.86,3.55,,2.1
HS Optimus,504,HSOP.SI,32.283,26.462,,,Cyclical Consumer Products,66,0,50,200,100,-35.81,-13.77,,5.53,-12.65,0.29
Hu An Cable,KI3,HACH.SI,8.715,205.702,,,Industrial Goods,53,,,,,-124.17,-184.62,,51.95,-59.65,0.22
Huationg Global,41B,HUAT.SI,12.262,97.318,,,Industrial & Commercial Services,76,-10,6.58,3.85,-40,-17.71,-26.14,2.77,128.1,-35.19,0.29
Hwa Hong,H19,HWHS.SI,186.249,13.895,61.42,,Real Estate,74,0,-6.56,3.64,-9.52,21.52,1.64,32.45,43.22,,1.07
Hyflux,600,HYFL.SI,178.635,150.18,,,Utilities,38,,,,,-756.25,-247.15,,128.91,-62.41,0.33
Hyphens Pharma,1J5,HYPH.SI,126.181,125.076,16.29,2.38,,56,7.69,0,100,111.06,6.19,18.04,12.91,8.75,8.37,1.45
ICP Ltd,5I4,ICPL.SI,24.894,6.437,,,Real Estate,44,14.29,-11.11,0,14.29,-20.57,-3.9,21.28,68.51,42.85,0.76
IEV,5TN,IEVH.SI,20.719,2.903,,,Energy - Fossil Fuels,79,10.53,40,61.54,13.51,-120.62,-884.18,,,63.41,
IFAST,AIY,IFAS.SI,874.081,144.614,65.11,0.98,Banking & Investment Services,80,38.36,94.55,275.44,221,9.29,14.93,31.22,29.72,23.4,3.33
IFS Capital,I49,IFAC.SI,66.923,51.318,9.56,4.38,Banking & Investment Services,73,-6.32,-8.72,-6.32,-15.24,17.75,3.96,6.32,147.41,,0.46
IHH,Q0F,IHHH.KL,43374.004,13744.749,,0.81,Healthcare Services,,-7.13,-7.13,-5.17,-13.76,-2.01,-1.06,39.68,46.59,3.39,2.09
Imperium Crown,5HT,IMPE.SI,8.69,,,,Real Estate,75,-8.33,-8.33,37.5,-31.25,,,,0,,0.19
Inch Kenneth,I4R,IKEN.KL,191.441,11.918,,2.33,Cyclical Consumer Services,,-2.15,-7.14,-9.9,-24.79,-95.2,-1.85,,0,-23.62,0.38
Incredible,RDR,INCR.SI,3.298,7.548,,,Technology Equipment,76,-21.43,-15.38,175,175,-31.49,-58.73,,0.13,4.33,0.23
Indofood Agri,5JS,IFAR.SI,419.046,1297.859,,,Food & Beverages,74,-1.69,-1.69,-3.33,-9.38,-5.43,-5.15,6.95,103.82,,0.36
Informatics,BOU,INFO.SI,4.256,,,,Personal & Household Products & Services,56,-7.69,-22.58,-20,-47.83,,,,,,
InnoPac,I26,INPS.SI,8.858,-0.005,,,Real Estate,37,,,,,,-180.16,,0,-103.85,0.5
InnoTek,M14,INTK.SI,119.628,177.099,8.73,3.09,Technology Equipment,75,11.49,27.63,29.33,11.49,7.15,8,5.83,1.07,,0.77
Interra Resource,5GI,INTR.SI,26.842,17.665,70.13,,Energy - Fossil Fuels,65,-8.89,-24.07,-21.15,28.13,1.12,0.86,7.53,5.46,,0.54
Intl Cement,KUO,INTN.SI,292.471,136.317,17.17,,Mineral Resources,,45.71,155,131.82,131.82,21.28,8.26,7.66,4.94,,0.97
Intraco,I06,ITRS.SI,23.827,140.92,,,Industrial & Commercial Services,86,-6.12,0,9.52,4.55,-1.82,-3.8,,20.13,3.93,0.37
IP Softcom,571,IPSL.SI,24.157,25.004,,,Software & IT Services,50,0,32,266.67,560,-38.59,-24.35,,25.92,-18.9,
IPC Corp,AZA,IPCC.SI,12.197,2.532,,,Real Estate,61,2.14,-16.37,-28.5,-52.33,-1426.82,-42.17,,10.64,,0.27
IPS Securex,42N,IPSS.SI,40.824,19.324,20,,Technology Equipment,76,1.2,-8.7,23.53,180,10.54,26.92,14.12,1.08,,
IREIT Global,UD1U,IREI.SI,569.161,56.848,4.75,8.25,Real Estate,76,-7.64,-8.27,-0.85,-14.11,159.03,17.13,,63.67,,1.01
ISDN,I07,ISDN.SI,171.958,311.207,15.3,1.01,Industrial Goods,91,3.95,88.1,125.71,88.1,6.02,6.97,7.34,19.45,,0.64
ISEC,40T,ISEC.SI,176.219,37.481,36.08,1.56,Healthcare Services,79,1.59,4.92,6.67,-9.86,11.83,7.43,23.1,8.33,-8.2,2.97
Isetan,I15,ISET.SI,120.863,89.634,,1.71,Retailers,73,2.81,-2.98,0,-39.96,-31.71,-19.87,,67.08,,1.09
ISOTeam,5WF,ISOT.SI,52.255,127.241,5.75,2.8,Industrial & Commercial Services,76,5.63,-2.6,19.05,-34.78,5.27,12.41,4.55,57.13,17.73,0.94
IX Biopharma,42C,IXBI.SI,187.214,0.985,,,,61,22.73,0,68.75,22.73,-1065.89,-68.47,,18.69,,8.02
Jackspeed,J17,JACK.SI,39.464,0,5.52,,Automobiles & Auto Parts,67,0,0,0,5.65,,38.44,5.48,3.54,,
Jadason,J03,JADA.SI,19.505,38.871,,,Technology Equipment,56,-3.57,-6.9,28.57,-20.59,-39.49,-40.61,,40.49,,0.56
Japan Foods,5OI,JPFD.SI,52.331,68.413,51.28,4.17,Cyclical Consumer Services,82,-15.49,-7.69,-14.29,-31.82,1.49,3.12,2.48,0,,2.28
Japfa,UD2,JAPF.SI,1352.469,5211.021,5.08,1.53,Food & Beverages,82,8.26,0.77,14.91,41.6,5.75,20.6,4.76,196.1,4.48,0.94
Jardine C&C,C07,JCYC.SI,7034.304,21765.236,6.86,5.95,Automobiles & Auto Parts,91,-2.89,-12.22,-15.7,-40.86,11.54,11.5,1.75,128.62,,1.65
Jason Marine,5PF,JMGL.SI,15.158,30.204,6.84,3.5,Technology Equipment,70,-1.38,2.14,19.17,8.33,7.27,8.55,5.36,0,4.14,0.32
Jasper Inv,FQ7,JASP.SI,13.046,0,,,Energy - Fossil Fuels,41,50,50,200,50,,,,0,,515.21
Jawala,1J7,JAWA.SI,22.52,6.784,31.22,2.11,Applied Resources,59,-2.56,35.71,-20.83,,16.8,6.89,17.34,1.54,-47.98,
JB Foods,BEW,JBFO.SI,171.094,545.831,5.43,4.07,Food & Beverages,75,1.8,-0.88,15.31,-14.39,5.77,16.65,4.21,85.32,,1.13
JEP,1J4,JEPH.SI,73.268,86.644,9.4,,Industrial Goods,46,4.12,-10.61,-1.67,14.94,8.99,12.91,5.13,83.47,-0.31,1.07
JES Intl,EG0,JSIH.SI,31.625,0,,,Industrial Goods,12,,,,,,,,,-100,
Jiutian Chemical,C8R,JUTN.SI,116.705,189.409,,,Chemicals,54,42.22,300,433.33,392.31,-24.62,-45.61,,22.33,-23.89,0.24
JMH USD,J36,JARD.SI,29653.299,36656,,4.22,Industrial Conglomerates,,0.47,0.89,-24.13,-24.03,-0.16,-0.65,12.11,64.78,-11.4,0.77
Joyas Intl,E9L,JIHL.SI,6.634,0.307,,,Cyclical Consumer Products,47,0,50,200,200,-103.31,-24.13,,210.83,-30.56,2.13
JSH USD,J37,JSH.SI,21913.234,29414,,1.8,Industrial Conglomerates,,-4.26,-1.74,-16.83,-33.07,-0.72,-1.27,10.2,53.45,-11.28,1.2
Jubilee,NHD,JLJH.SI,7.192,133.848,,,Industrial Goods,59,-15.15,-33.33,-44,-74.07,-3.13,-11.1,,45.97,-18.23,0.67
Jumbo,42R,JUMB.SI,202.177,143.609,31.72,3.81,Cyclical Consumer Services,74,-4.55,-10,21.15,-14.86,3.35,9.45,13.02,0,,3.9
Karin Tech,K29,KARI.SI,64.352,309.513,76.48,5,Technology Equipment,80,-3.23,0,-6.25,-6.25,0.28,1.09,22.05,27.95,-1.9,0.84
Katrina,1A0,KATR.SI,20.837,69.608,,,Cyclical Consumer Services,51,-5.26,-10,-39.6,-39.6,-14.18,-141.39,1,836.54,-6.41,3.2
Kencana Agri,BNE,KCAL.SI,23.792,163.047,,,Food & Beverages,67,-3.49,23.88,25.76,-15.31,-6.85,-53.31,1.96,1003.2,,
Keong Hong,5TT,KEHO.SI,82.472,147.425,3.97,5.15,Industrial & Commercial Services,57,3.03,1.49,1.49,-23.6,13.73,9,3.27,58.49,,0.52
Kep Infra Tr,A7RU,KEPL.SI,2769.693,1621.564,32.32,6.7,Utilities,79.5,1.83,2.78,18.09,0.91,3.84,5.17,10.83,147.06,51.45,1.47
KepPacOakReitUSD,CMOU,KPEL.SI,668.147,134.662,8.91,8.61,Real Estate,91.5,-3.4,5.19,22.41,-6.58,53.08,10.16,,64.68,,0.97
Keppel Corp,BN4,KPLM.SI,8301.743,7447.003,,3.29,Industrial Conglomerates,122,6.54,-23.49,-19.43,-23.49,-2.21,-1.73,34.31,101.08,18.45,1.09
Keppel DC Reit,AJBU,KEPE.SI,4964.404,223.284,36.07,2.43,Real Estate,88.3,0.33,16.48,26.67,52,60.3,7.75,,51.05,,1.57
Keppel Reit,K71U,KASA.SI,3602.885,159.61,27.76,4.73,Real Estate,81.9,-3.64,-1.85,1.92,-15.2,98.58,2.84,22.9,51.89,3.37,0.89
Khong Guan,K03,KHON.SI,41.3,60.508,824.74,1.25,Food & Beverages,55,1.27,0,3.9,-20,0.31,0.08,39.79,0,5.08,0.85
KimHeng Offshore,5G2,KIMH.SI,22.72,43.069,,,Energy - Fossil Fuels,65,-11.11,6.67,33.33,-21.95,-15.57,-11.7,15.53,70.32,,0.66
Kimly,1D0,KIML.SI,335.38,211.54,15.62,4,Cyclical Consumer Services,67,14.29,24.44,36.59,24.44,9.73,23.32,8.49,0.05,,3.14
King Wan,554,KIWC.SI,19.554,72.398,46.67,,Industrial & Commercial Services,71,1.82,-27.27,-21.13,-29.11,0.58,0.67,12.9,23.25,,0.59
KingsmenCreative,5MZ,KMEN.SI,41.399,316.069,,4.88,Industrial & Commercial Services,54,0,-6.82,-6.82,-57.73,-2.32,-5.7,33.77,26.34,,0.88
Kitchen Culture,5TI,KCHL.SI,56.48,15.352,,,Retailers,71,-10.14,-48.85,82.19,64.2,-31.81,,,,38.92,
Koda,BJZ,KODA.SI,36.461,81.953,6.16,2.27,,92,2.33,4.76,8.64,-27.21,6.83,11,3.44,1.11,,
Koh Bros,K75,KBRO.SI,70.08,296.529,,1.56,Industrial & Commercial Services,60,-1.84,-1.84,-10.61,-21.95,-5.15,-4.91,10.17,119.2,,0.32
Koh Eco,5HV,KBEE.SI,63.953,239.836,,0.63,Industrial & Commercial Services,55,-8.57,-20,-25.58,-33.33,-3.68,-9.55,7.2,66.95,,0.74
Koon,5DL,KOON.SI,11.05,89.27,,,Industrial & Commercial Services,,,,,,-107.88,-974.66,,125.64,-20.38,
KOP,5I1,KOPL.SI,45.426,20.369,,,Cyclical Consumer Services,86,-2.38,-19.61,-6.82,-43.06,-13.23,-1.4,152.95,97.85,9.03,0.44
Kori,5VC,KORI.SI,19.146,14.718,221.84,0.26,Industrial & Commercial Services,74,0,-12.27,-3.5,-34.58,0.58,0.17,8.98,10.3,-31.31,
Koufu,VL6,KOUF.SI,363.31,210.613,22.56,3.05,Cyclical Consumer Services,74,-2.24,-4.38,5.65,-10.27,7.56,16.86,4.09,199.13,,4.06
Koyo Intl,5OC,KOYO.SI,14.237,13.264,,1.33,Industrial & Commercial Services,55,-6.25,2.74,13.64,10.29,-0.21,-0.14,37.37,0.7,-49.45,0.63
KrisEnergy,SK3,KRIS.SI,45.029,122.429,,,Energy - Fossil Fuels,78,,,,,-226.98,,,,-27.95,
KS Energy,578,KSTL.SI,17.148,39.982,,,Energy - Fossil Fuels,49,0,-38.1,30,160,-129.43,,,,20.89,
KSH,ER0,KSHH.SI,190.861,226.125,12.03,6.57,Industrial & Commercial Services,74,-1.47,-1.47,15.52,-25.56,6.82,4.82,10.72,47.43,,0.88
KTL Global,EB7,KTLG.SI,7.576,13.891,5.97,,Cyclical Consumer Services,57,26.32,-14.29,41.18,-56.36,60.32,,0.98,,-35.91,
KTMG,XCF,KTMG.SI,33.936,76.618,66.45,,Cyclical Consumer Products,55,-11.11,25,33.33,72.41,0.67,3.31,11.69,149.95,112.86,2.23
Lasseters Intl,5EL,LASS.SI,10.191,34.228,,,Cyclical Consumer Services,54,-4.55,75,75,,-18.11,-15.5,12.86,145.3,-21.4,
LCT,BJL,LCTH.SI,23.27,4.186,66.76,,Technology Equipment,32,0,31.46,46.25,17,9.58,1.01,50.77,0,,0.4
Leader Env,LS9,LETL.SI,71.857,7.252,,,Industrial & Commercial Services,52,-1.82,36.42,60.5,718.53,-65.82,-46.12,,93.81,-0.97,0.96
Lendlease Reit,JYEU,LEND.SI,785.103,,,,Real Estate,,-4.96,4.69,9.84,-29.47,,,,,,
Ley Choon,Q0X,LEYC.SI,14.218,79.177,,,Industrial & Commercial Services,84,-7.69,-7.69,0,-20,-9.93,-42.98,9.42,278.92,-23.01,0.64
LHN,41O,LHNL.SI,52.72,109.114,6.17,3.82,Real Estate,76,7.38,19.09,19.09,13.91,8.33,8.86,2.29,55.58,,0.69
LHT,BEI,LHTH.SI,31.415,36.645,7.32,5.08,Applied Resources,80,0,-15.71,3.51,16.83,11.71,8.26,3.76,7.91,-7.96,0.57
Lian Beng,L03,LIBG.SI,216.93,556.043,7.15,2.44,Industrial & Commercial Services,65,9.33,2.5,3.8,-18,6.05,4.09,4.27,84.08,,0.35
Libra,5TR,LIGL.SI,7.527,37.191,,,Industrial & Commercial Services,70,,,,,-69.52,-201.08,,160.83,-60.38,0.79
LifeBrandz,1D3,LIFE.SI,1.223,5.556,,,Cyclical Consumer Services,55,0,-33.33,100,0,-58.44,-598.9,,3.51,29.96,2.2
Linc Energy,BRE,LINC.SI,15.629,68.587,,,Energy - Fossil Fuels,56,,,,,-481.33,-1132.84,,323.38,-41.29,1.9
Lion Asiapac,BAZ,LIAS.SI,30.009,16.826,55.47,,Mineral Resources,56,2.78,0,12.89,-1.89,3.22,0.73,21.51,0,-48.28,0.4
LionGold,A78,LION.SI,64.412,76.227,8.7,,Mineral Resources,45,0,100,100,100,2.62,9.62,5.98,149.82,11.71,0.78
Lippo Malls Tr,D5IU,LMRT.SI,251.704,231.132,,14.88,Real Estate,90.5,-24.56,-34.35,-44.52,-64.17,-11.83,-4.1,,63.13,-12.02,0.62
Lonza,O6Z,LONN.S,44532.313,6018,52.69,0.46,,,4.51,8.89,46.68,76.56,14.09,13.4,59.69,61.29,10.65,3.95
Lorenzo Intl,5IE,LRZI.SI,6.748,27.553,,,Retailers,50,,,,,-7.59,,,,-5.2,
Low Keng Huat,F1E,LKH.SI,302.915,52.324,4.74,3.66,Industrial & Commercial Services,65,3.8,7.89,10.81,-7.87,120.37,9.52,4.43,121.36,,0.56
Lum Chang,L19,LUCS.SI,134.592,322.691,,3.71,Industrial & Commercial Services,65,0,-1.41,6.06,0,-1.89,-0.82,,82.73,,0.51
Lung Kee Bermuda,L09,0255.HK,1465.491,2112.229,10.02,9.05,Industrial Goods,,6.42,8.92,0,-4.92,6.93,6.9,4.83,0.41,-9.55,0.85
Luxking,BKK,LUKG.SI,4.99,80.798,384.95,,,59,0,6.76,6.76,1.28,0.02,0.06,1.48,103.06,5.72,0.17
Luzhou Bio-Chem,L46,LUZH.SI,16.678,375.311,,,Food & Beverages,46,0,-3.45,211.11,300,-3.32,,,,,
LY Corp,1H8,LYCO.SI,95.914,81.982,40.87,0.42,,74,14.62,3.16,15.29,4.81,2.34,3.25,18.76,2.37,,1.37
M Development,N14,MDVT.SI,3.84,0.017,,,Mineral Resources,25,,,,,16335.29,52.46,1.36,1.96,-98.98,
Magnus Energy,41S,MAGN.SI,12.633,15.176,,,Energy - Fossil Fuels,58,,,,,-16.59,-35.43,,0,-13.64,1.7
Man Oriental USD,M04,MOIL.SI,2336.92,382.4,,1.62,Cyclical Consumer Services,,1.09,22.52,32.14,12.12,-125.24,-12.24,,17.49,-34.68,0.54
Manhattan Res,L02,MANH.SI,164.258,11.774,,,Transportation,51,243.75,120,450,111.54,-95.52,-10.38,,3.66,,0.24
ManulifeReit USD,BTOU,MANU.SI,1171.37,193.144,,9.32,Real Estate,93.8,-5.73,4.96,2.07,-19.13,-2.43,-0.4,,64.67,,1.09
Mapletree Com Tr,N2IU,MACT.SI,6362.758,482.825,10.48,3.45,Real Estate,67.7,-4.95,0,4.92,-19.01,112.48,10.44,11.71,50.91,8.77,1.18
Mapletree Ind Tr,ME8U,MAPI.SI,7474.205,405.389,18.32,3.17,Real Estate,81.2,-5.07,8.16,30.86,23.74,92.95,11.35,19.83,45.55,5.52,1.47
Mapletree Log Tr,M44U,MAPL.SI,7888.735,503.337,21.06,,Real Estate,85.2,0.98,1.47,18.29,23.95,76.9,7.63,,62.99,7.41,1.24
Mapletree NAC Tr,RW0U,MAPE.SI,3030.203,354.478,23.18,7.92,Real Estate,90.2,0,-1.64,-3.23,-28,35.06,2.66,24.14,62.54,-13.26,0.91
MarcoPolo Marine,5LY,MAPM.SI,45.849,36.323,185.71,,Transportation,42,-7.14,-7.14,-7.14,-27.78,0.69,0.23,6.04,0.1,,0.48
Maruwa Yen1k,M12,5344.T,119389.797,39830.531,20.43,0.54,Technology Equipment,,2.01,16.83,45.33,29.88,14.62,10.01,14.67,0,-5.72,1.3
Mary Chia,5OX,MARY.SI,30.554,8.791,,,Personal & Household Products & Services,65,4.58,-10.61,68.42,113.33,-109.58,,,,-1.06,
Matex Intl,M15,MATE.SI,10.161,31.63,,,Chemicals,75,31.03,72.73,280,280,-26.45,-28.4,,49.55,-16.3,0.15
Maxi-Cash Fin,5UF,MAXI.SI,141.83,229.309,7.35,16.42,Retailers,71,0,8.73,5.38,9.6,8.47,13.55,4.39,241.66,,0.96
MDR Limited,Y3D,MDRT.SI,77.102,235.7,,3.65,Retailers,,-1.16,-15,-15,-57.5,-0.73,-1.31,20.11,40.14,,0.5
Medinex,OTX,MEDN.SI,28.866,,,7.64,Industrial & Commercial Services,84,-4.35,-8.33,10,-12,,,,,,
Medtecs Intl,546,MTCS.SI,724.316,269.449,13.45,0.88,Healthcare Services,55,23.36,111.2,1289.47,4158.06,19.99,48.31,11.32,62.49,189.7,0.17
MegaChem,5DS,MEGA.SI,46.655,110.024,10.1,4.29,Chemicals,83,0,52.17,9.38,9.38,4.35,9.31,7.74,49.91,-4.02,
MeGroup,SJY,MEGR.SI,22.719,80.508,54.8,0.29,Automobiles & Auto Parts,68,18.75,26.67,2.7,3.42,0.49,2.91,8.42,71.6,0.97,
Memiontec,SYM,MEMI.SI,45.153,,,0.56,Utilities,,-2.38,-6.82,-14.58,,,,,,,
Memories,1H4,MEMO.SI,19.059,13.253,,,Cyclical Consumer Services,,-24,-43.28,15.15,-41.54,-125.92,-22.48,,27.22,,0.38
Mencast,5NF,MCHL.SI,25.945,53.316,3.46,,Energy - Fossil Fuels,61,78.79,210.53,96.67,-26.25,10.83,30.83,1.48,644.92,-23.86,1.86
Mercurius,5RF,MERC.SI,33.731,0,,,Cyclical Consumer Products,51,-10.34,-21.21,-38.1,-45.83,,-62.15,,0,,110.27
Mermaid Maritime,DU4,MMPC.SI,79.047,126.989,,,Energy - Fossil Fuels,83,-16.42,-21.13,-9.68,-16.42,-35.65,-11.58,,20.28,-11.65,0.24
Metal Component,5DX,META.SI,7.857,36.221,,,Mineral Resources,56,-4.55,-12.5,5,31.25,-4.94,-11.95,7.9,74.99,-21.65,0.66
Metech Intl,V3M,METE.SI,12.205,27.469,,,Industrial & Commercial Services,39,-22.29,2.52,-21.29,-10.29,-3.61,-36.92,,167.18,,4
Metro,M01,MTHL.SI,590.4,210.254,18.23,2.82,Retailers,75,0,-5.96,0.71,-23.24,15.73,2.14,12.84,15.21,,0.54
Mewah Intl,MV4,MEWI.SI,374.698,3915.294,7.52,0.6,Food & Beverages,78,0,27.55,21.95,8.7,1.26,6.91,4.65,72.97,,0.59
MFG Integration,M11,MITD.SI,21.85,7.884,,206.59,Technology Equipment,74,0,3.41,13.75,3.41,-741.65,-159.39,,5.3,-53.48,0.55
Micro-Mechanics,5DD,MMEC.SI,353.141,64.208,24.1,3.94,Industrial Goods,110,11.89,37.3,56.79,48.46,22.82,25.18,16.48,3.11,6.43,3.72
Midas,5EN,MIDA.SI,366.17,,,,Mineral Resources,9,,,,,,,,,,
MindChamps,CNE,MIND.SI,70.064,53.013,10.17,,Personal & Household Products & Services,74,0,16,-14.71,-44.23,13.14,11.25,4.08,129.12,,2.6
Mirach Energy,AWO,MIEL.SI,1.619,2.972,0.31,,Food & Beverages,50,-36.36,-89.71,-93.64,-96.11,186.2,79.32,0.28,2.54,-57.43,13.35
Miyoshi,M03,MIYO.SI,22.669,49.703,,,Technology Equipment,90,5.71,27.59,37.04,5.71,-21.01,-17.07,,12.64,-5.02,0.38
MM2 Asia,1B0,MM2A.SI,206.979,235.774,62.02,,Cyclical Consumer Services,79,0,-9.18,-9.64,-24.26,2.67,1.54,4.89,104.12,,1.66
MMP Resources,F3V,MMPR.SI,4.687,0.089,,,Industrial & Commercial Services,48,0,-33.33,0,-33.33,-3564.04,,,,-63.37,
MoneyMax Fin,5WJ,MFSL.SI,62.269,165.721,5.59,5.68,Retailers,65,-4.35,10,22.22,11.39,7.6,14.28,2.62,22.91,,0.67
Moya Asia,5WE,MOYA.SI,264.826,229.408,9.83,,Industrial & Commercial Services,78,-1.56,3.28,10.53,-3.08,12.25,9.22,3.99,91.61,,1.16
MS Hldgs,40U,MSHO.SI,6.134,13.955,,,Industrial & Commercial Services,62,-22.92,-46.38,19.35,-28.85,-9.5,-5.16,2.71,114.4,-3.49,0.34
MSC,NPW,MSCB.KL,280,736.998,121.32,2.86,Mineral Resources,,0,2.19,9.38,-13.58,0.31,0.65,12.1,108.68,-38.26,1.01
MSM Intl,5QR,MSML.SI,2.952,24.467,,,Industrial Goods,57,0,0,0,-3.45,-12.24,-22.63,,118.63,-9.16,0.62
MTQ,M05,MTLS.SI,36.993,74.302,4.09,2.92,Energy - Fossil Fuels,72,-14.07,-25.65,-28.75,-16.59,9.07,13.78,2.68,59.61,56.41,
Multi-Chem,AWZ,MCHE.SI,113.52,482.905,10.16,3.49,Technology Equipment,73,11.5,60.51,54.49,76.72,2.75,10.48,7.1,8.54,,0.61
Mun Siong Engg,MF6,MSEL.SI,26.17,66.809,,0.89,Industrial & Commercial Services,76,-29.69,18.42,28.57,7.14,-0.33,-0.4,7.57,1.34,,0.49
Murata Yen1k,PJX,,,,,,,,,,,,,,,,,
MYP,F86,MYPL.SI,146.507,23.33,,,Real Estate,67,-16.36,8.24,50.82,-16.36,-8.93,-0.59,,128.69,,0.61
Nam Cheong,N4E,NMCG.SI,29.13,121.288,,,Industrial Goods,66,0,0,-20,-33.33,-66.12,,,,23.96,
Nam Lee Metal,G0I,NLPM.SI,74.342,135.703,12.76,3.28,Cyclical Consumer Products,45,1.67,1.67,-1.61,-17.55,4.28,4.14,7.33,0.9,,0.62
Natural Cool,5IF,NCHL.SI,11.521,126.699,,,Industrial & Commercial Services,81,0,0,39.39,-14.81,-2.03,-10.88,2.72,239.54,-8.14,0.61
NauticAWT,42D,NAUT.SI,14.277,7.336,21.01,,Energy - Fossil Fuels,54,0,-14.29,157.14,38.46,1.14,,11.06,,-15.91,
Neo,5UJ,NEOG.SI,66.308,185.868,10.47,1.11,Cyclical Consumer Services,82,-12.62,18.42,12.5,2.27,3.37,15.82,3.09,214.81,2.68,1.57
NeraTel,N01,NERA.SI,61.522,140.635,13.12,2.94,Technology Equipment,88,0,-3.95,-8.11,-37.04,3.34,7.11,9.19,25.7,,1.54
Net Pacific Fin,5QY,NPFH.SI,10.5,0.634,,,Banking & Investment Services,55,0,5.26,53.85,-9.09,-323.34,-10.6,,0,70.33,0.49
NetLink NBN Tr,CJLU,NETL.SI,3799.547,370.192,48.65,5.18,Telecommunications Services,98.9,1.04,0.52,0,7.14,21.1,2.63,15.45,20.94,4.7,1.07
New Silkroutes,BMT,NEWS.SI,17.355,509.169,,,Healthcare Services,52,-48.75,-53.93,-50.6,-61.86,-0.3,-4.7,6.09,60.71,-38.02,0.88
New Toyo,N08,NTYO.SI,90.082,276.709,,5.12,Applied Resources,79,24.24,46.43,49.64,30.57,-3.29,-4.54,8.32,51.26,,0.56
New Wave,5FX,NEWW.SI,13.82,14.14,,,Mineral Resources,61,0,14.29,60,33.33,-15.46,-11.6,,22.06,-17.8,0.53
NGSC,B07,NGSC.SI,6.449,0,0.29,,Telecommunications Services,40,0,0,0,,,78.62,0.31,0,,0.78
Nico Steel,5GF,NICO.SI,9.912,19.022,,,Mineral Resources,63,100,0,0,-33.33,-9.7,-8.43,,14.78,-7.19,0.85
Nippecraft,N32,NIPP.SI,9.476,167.037,,,Applied Resources,70,-15.63,-10,28.57,-20.59,-0.57,-2.35,,6.17,2.92,0.35
No Signboard,1G6,NOSI.SI,17.109,18.438,,,Cyclical Consumer Services,58,15.63,5.71,48,-35.09,-44.01,-52.77,,0,-29.72,1.31
Noble,CGP,NOBG.SI,102.578,,,,Industrial & Commercial Services,8,,,,,,,,,,
Noel Gifts Intl,543,NOEL.SI,20.29,19.873,16.06,1.01,Retailers,55,7.03,36.55,16.47,-2.75,6.36,3.83,7.36,0,-9.89,0.54
Nomura Yen1k,N33,8604.T,1702063.75,1955152,5.23,4.11,Banking & Investment Services,,-4.64,-1.64,17.09,0.68,15.69,11.16,4.61,1043.56,2.07,0.47
Nordic,MR7,NRGL.SI,86,77.098,13.89,2.82,Industrial & Commercial Services,78,2.38,2.38,-2.27,-20.37,7.86,7.15,8.8,52.79,,1.43
NSL,N02,NATS.SI,254.02,272.144,,7.35,Mineral Resources,48,4.62,-0.73,-15,-30.61,-14.61,-7.14,,9.25,,0.73
Ntegrator Intl,5HC,NTOR.SI,8.525,28.101,,,Software & IT Services,58,0,-11.11,0,14.29,-18.1,-18.47,,48.16,-12.72,0.35
NutryFarm,AZT,NUTR.SI,15.679,7.003,,,Software & IT Services,50,267.57,209.09,288.57,23.64,-30.18,-27.74,,259.02,-14.42,1.42
OCBC Bank,O39,OCBC.SI,39121.547,11233.662,10.09,5.02,Banking & Investment Services,114,2.82,-4.69,-1.35,-19.45,14.92,8.16,8.7,63.33,,1.1
Ocean Sky Intl,1B6,OCEA.SI,17.223,21.529,,,Industrial & Commercial Services,66,0,-11.11,-4.76,,-39.48,-17.44,,25.97,,0.45
Oceanus,579,OCGL.SI,170.553,14.226,,,Food & Beverages,52,0,16.67,250,250,-14.49,-10.43,211.37,3.31,130.16,3.59
OEL,584,OELH.SI,17.742,0.42,,,Real Estate,63,-5,-5,0,375,-295.95,-19.53,,145.94,,0.56
OIO,KUX,OIOH.SI,23.616,0.942,13.7,,Industrial & Commercial Services,,0,,,,172.96,,13.12,278.77,-87.47,
OKH Global,S3N,OKHG.SI,16.93,15.254,,,Industrial & Commercial Services,62,-6.25,-11.76,-11.76,-16.67,-146.6,-28.25,,166.53,,0.21
OKP,5CF,OKPH.SI,53.975,75.047,,4,Industrial & Commercial Services,75,-2.78,8.02,3.55,-12.5,1.4,-0.09,10.79,22.38,,0.5
Olam Intl,O32,OLAM.SI,4219.614,34129.258,6.82,6.2,Food & Beverages,95,2.38,-3.73,-9.15,-28.73,1.8,9.39,3.71,193.87,,0.99
Old Chang Kee,5ML,OCKL.SI,80.714,88.04,95.14,2.26,Cyclical Consumer Services,74,-2.92,-7.64,-0.75,-8.28,0.96,3.1,5,34.53,,3.35
Olive Tree,1H2,OLIV.SI,7.16,0.953,,,Real Estate,61,7.22,38.67,-5.45,,-117.84,-12.63,,125.5,,0.81
OneApex,5SY,ONEA.SI,14.365,5.934,,,Real Estate,57,0,54.55,-10.53,6.25,-18.66,-8.69,,0,49,
Ossia Intl,O08,OSSA.SI,28.295,25.53,5.6,12.5,Retailers,35,-8.94,49.33,160.47,-0.88,19.79,12.31,3.87,10.29,,0.59
OUE,LJ3,OVES.SI,1158.29,809.646,,0.85,Real Estate,64,2.61,-3.28,9.15,-15.69,6.33,-0.36,11.48,109.65,,0.33
OUE Com Reit,TS0U,OUEC.SI,1868.077,292.118,15.44,6.54,Real Estate,92.9,-8,-11.54,-19.77,-37.84,50.29,4.29,12.29,71.56,48.69,0.6
OUE Lippo HC,5WA,OUEL.SI,159.953,20.014,87.8,,Healthcare Services,79,-5.26,-14.29,-14.29,-40,6.81,0.7,60.66,122.78,,1.12
Ouhua Energy,AJ2,OUEH.SI,7.687,532.489,,,Energy - Fossil Fuels,44,-23.08,-28.57,81.82,66.67,-0.19,-3.16,1.32,168.87,,0.39
Overseas Edu,RQ1,OVER.SI,112.148,82.506,11.34,10.19,Personal & Household Products & Services,64,-5.26,-6.9,-6.9,-5.26,11.99,7.05,4.42,88.83,,0.89
Oxley,5UX,OXHL.SI,955.328,1232.96,,4.44,Real Estate,65,4.65,-2.17,-2.17,-29.69,-22.31,-22.88,,254.66,,0.98
P5 Capital,5AI,P5CA.SI,15.053,7.707,,,Industrial Goods,48,0,12.5,28.57,-3.57,-9.91,-5.6,68.59,0.98,-25.4,0.16
Pacific Andes,P11,PACF.SI,183.469,1130.023,,,Food & Beverages,50,,,,,9.06,3.95,0.92,124,-23.8,0.33
Pacific Century,P15,PCEN.SI,781.204,18.446,,12.63,Holding Companies,69,-3.28,1.72,-1.67,0.4,-13.62,-0.22,,19.43,,0.69
Pacific Radiance,T8V,PACI.SI,75.395,97.071,,,Energy - Fossil Fuels,71,,,,,-104.22,,,,3.01,
Pacific Star Dev,1C5,PACS.SI,21.6,5.712,,,Real Estate,63,0,0,0,-71.33,-740.41,,,1261.65,26.4,8.56
Pan Asian,5EW,PANA.SI,7.925,18.505,,4.86,Utilities,47,-5.13,48,146.67,105.56,-7.98,-9.86,,27.44,-33.71,0.28
Pan Hong,P36,PANH.SI,62.436,130.571,2.68,16.67,Real Estate,60,4.35,14.29,71.43,6.19,17.64,16.22,2.66,161.99,120.1,0.34
Pan Ocean,AZY,PANOx.SI,2288.014,3023.48,12.18,,Transportation,27,-1.97,-1.97,-3.86,-24.57,5.7,5.04,5.31,42.88,-1.85,0.88
PanUnited,P52,PANU.SI,193.049,551.827,16.51,4,Mineral Resources,61,-9.84,-5.17,-1.79,-15.38,2.14,5.84,5.4,74.83,,1.12
Parkson Retail,O9E,PRAL.SI,6.773,269.896,,,Retailers,79,-33.33,-47.37,150,-50,-30.67,,,107.91,-32.28,1.18
ParkwayLife Reit,C2PU,PWLR.SI,2474.458,118.114,20.01,,Real Estate,80.3,-4.66,22.82,20.65,26.63,104.69,10.72,,62.01,3.41,1.62
Pavillon,596,PAVI.SI,9.694,9.898,14.45,,Cyclical Consumer Services,42,-10.71,31.58,92.31,108.33,19.49,2.26,2.2,0.13,-28.2,
PEC,IX2,PECL.SI,102.286,495.067,,5,Energy - Fossil Fuels,58,0,-20,-6.98,-30.43,-9.19,-21.88,,8.19,,0.66
Penguin Intl,BTM,PGUN.SI,95.774,118.538,6.4,4.02,Transportation,84,3.57,-2.25,-18.69,-36.03,12.62,9.18,3.77,1.3,,0.64
Pharmesis Intl,BFK,PHAR.SI,6.112,7.793,,,,45,0,-14.52,17.78,60.61,-45.15,-24.7,,21.36,,
Pine Cap,ADJ,PINC.SI,6.577,0.917,,,Banking & Investment Services,11,,,,,-567.28,-94.6,,0,-60.41,1.31
Plastoform,AYD,PFML.SI,0.516,2.58,,,Technology Equipment,41,,,,,-54.7,,,,-66.27,
PlatoCapital,YYN,PLAT.SI,8.177,1.138,35.7,,Software & IT Services,,29.23,-26.32,-12.5,,-81.5,0.6,,27,9.47,0.31
PNE Industries,BDA,PNEI.SI,67.133,91.15,10.29,6.25,Industrial Goods,36,2.56,0,9.41,10.12,7.16,8.08,8.7,0,,0.77
Polaris,5BI,POLA.SI,51.16,47.039,150,,Retailers,58,50,-25,200,200,0.46,1.05,48.54,18.39,,1.57
Pollux Prop,5AE,PLPS.SI,57.949,14.977,25.61,,Real Estate,55,0,-12.5,-22.22,-44.74,15.04,1.16,22.09,85.86,6.4,0.27
Powermatic Data,BCY,PMDS.SI,93.087,21.756,10.41,,Technology Equipment,52,5.69,1.96,20.93,39.78,40.14,14.57,10.21,0,3.83,0.9
Prime US ReitUSD,OXMU,PRIE.SI,881.773,,,7.99,Real Estate,83.4,1.21,9.15,15.17,-10.7,,,,,,
Procurri,BVQ,PROC.SI,88.106,223.016,26.04,,Software & IT Services,59,-11.76,3.45,13.21,-17.81,1.5,7.1,6.45,66.29,,2.12
Progen,583,POGN.SI,16.401,8.585,,,Industrial & Commercial Services,60,-4.55,-2.33,320,55.56,-23.4,-6.27,,4.37,151.69,
PropNex,OYY,PROP.SI,238.65,495.081,8.18,4.65,Real Estate,72,9.32,24.04,39.15,26.99,6.21,43.07,6.9,4.19,32.56,3.21
Prudential USD,K6S,PRU.L,28659.209,27207.346,28.21,2.28,Insurance,,-6.11,-12.3,5.42,-14.12,3.78,5.91,23.75,47.31,-47.06,1.93
PSL,BLL,PSLL.SI,8.242,4.562,81.32,,Industrial & Commercial Services,61,0,0,214.89,131.25,9.78,0.37,5.64,0.72,120.17,0.25
Q&M Dental,QC7,QMDT.SI,378.297,120.53,20.76,6,Healthcare Services,73,2.17,0,16.05,-7.84,15.45,15.64,13.73,107.5,,3.37
QAF,Q01,QAFS.SI,520.618,905.213,9.71,5.52,Food & Beverages,75,-3.72,16.03,12.42,20.67,6.01,10.67,5.2,30.86,,0.86
Qian Hu,BCV,QIAN.SI,19.64,72.07,160.19,1.73,Food & Beverages,103,11.61,33.08,33.08,35.16,0.19,0.25,5.73,37.18,,0.35
QT Vascular,5I0,QTVA.SI,20.092,5.072,,,Healthcare Services,59,12.5,50,200,200,-231.78,-107.34,,14.85,,0.53
Raffles Edu,NR7,RLSE.SI,196.89,100.477,,,Industrial & Commercial Services,38,-25.41,22.73,68.75,87.5,-14.27,-2.62,123.44,62.36,,0.19
Raffles Infrastructure,LUY,RAFL.SI,34.075,38.007,3.85,,Industrial & Commercial Services,56,0,1.01,51.52,8.7,19.13,15.99,4.68,0,0.01,
Raffles Medical,BSL,RAFG.SI,1482.458,508.203,29.32,3.14,Healthcare Services,66,-0.62,-14.52,-8.09,-22.06,9.62,5.89,18.1,17.68,,2.32
RE&S Hldg,1G1,RESH.SI,26.196,110.649,,,Cyclical Consumer Services,73,-1.33,-19.57,-8.64,-53.75,-4.83,-15.37,1.19,26.11,-21.53,1.67
Reclaims Global,NEX,RECL.SI,39.3,27.292,33.59,1.27,Industrial & Commercial Services,75,3.45,-6.25,-6.25,25,4.29,5.43,11.37,0,-18.87,
Reenova Investment,5EC,REEN.SI,17.296,0,,,Banking & Investment Services,66,0,50,50,0,,-33.25,,14.81,-100,1.59
Regal Intl,UV1,REGI.SI,27.227,28.992,10.69,,Real Estate,49,-6.92,-12.32,706.67,656.25,7.96,35.68,8.46,419.89,41.39,2.59
Renaissance United,I11,RENA.SI,6.181,53.356,16.67,,Utilities,64,-50,0,0,-50,1.2,0.9,1.25,50.3,-15.3,0.31
Resources Gbl,QSD,RESU.SI,19.35,82.706,15.35,,Energy - Fossil Fuels,,-2.27,-2.27,2.38,,2.5,6.4,3.06,44.11,22.37,
Resources Prima,5MM,RESO.SI,47.076,0.038,,,Energy - Fossil Fuels,61,,,,,-7360.71,,,,-95.3,
Revez,RCU,REVE.SI,58.625,5.084,53.68,,Software & IT Services,,20.69,59.09,-4.11,27.27,21.01,14.77,42.76,10.12,84.12,8.42
Rex Intl,5WH,REXI.SI,183.941,19.973,,,Energy - Fossil Fuels,88,-10.26,-23.91,15.7,59.09,-177.01,-18.56,,22.27,,0.48
RH PetroGas,T13,RHPG.SI,15.401,80.521,,,Energy - Fossil Fuels,71,-25,-12.5,16.67,-22.22,-9.23,,1.7,,-6.55,
RHT HealthTrust,RF1U,RHTH.SI,15.417,0,,,Real Estate,46.2,0,0,0,0,,-5.8,,0,100,0.82
Rich Capital,5G4,RICH.SI,22.028,0,,,Mineral Resources,56,,,,,,-19.86,,43.35,,1.47
Riverstone,AP4,RVHL.SI,2884.527,371.867,42.89,0.84,Healthcare Services,73,14.41,21.18,229.66,301.03,18.07,25.35,34.49,2.18,,3.02
Roxy-Pacific,E8Z,RXYP.SI,452.952,422.199,18.91,3.16,Real Estate,88,7.81,6.15,1.47,-8,5.34,4.76,14.15,218.31,,1.03
Ryobi Kiso,BDN,RKHL.SI,39.254,146.908,,,Industrial & Commercial Services,66,,,,,-40.04,-96.83,,97.63,1.18,0.6
Sabana Reit,M1GU,SABA.SI,379.11,73.872,,4.66,Real Estate,71.5,-2.7,-5.26,10.77,-20,-40.01,-5.23,,59.24,,0.82
Sakae,5DO,SAKA.SI,14.2,29.892,,,Cyclical Consumer Services,46,122.22,100,100,11.11,-1.13,-0.9,2.31,157.66,-33.21,
Samko Timber,E6R,SAMT.SI,83.308,322.239,174.81,,Applied Resources,67,9.38,84.21,133.33,84.21,1.71,2.4,5.21,616.45,,2.29
SamuderaShipping,S56,SAMU.SI,90.999,493.852,7.25,2.22,Transportation,76,6.29,25.19,33.07,12.67,2.6,4.79,2.76,31.23,,0.35
Samurai,1C3,SAMR.SI,54.984,20.657,34.09,2,Chemicals,75,-7.41,-5.66,-29.58,-39.76,8.01,6.71,22.35,18.62,-13.13,4.32
Sanli Env,1E3,SANL.SI,17.463,67.061,55.56,0.92,Industrial & Commercial Services,79,0,-13.33,30,-50,0.63,1.19,10.94,10.34,-6.01,1.97
Santak,580,SATK.SI,6.455,13.258,,,Industrial Goods,49,0,-31.82,-25,,-6.27,-4.24,,0.99,-6.12,0.51
Sapphire,BRD,SAPP.SI,34.742,339.651,6.28,,Industrial & Commercial Services,64,14.86,16.44,112.5,60.38,1.5,4.25,1.95,44.59,,0.39
Sarine Tech,U77,SARI.SI,91.84,69.534,25.6,1.28,Industrial Goods,53,10.64,26.83,20.93,8.33,5.11,4.4,9.88,11.87,,1.34
Sasseur Reit,CRPU,SASS.SI,932.937,115.353,7.49,7.8,Real Estate,83.7,-0.64,0.65,9.93,-3.13,107.26,11.69,,47.2,-19.87,0.92
SATS,S58,SATS.SI,3405.891,1941.216,20.16,1.98,Transportation,131,5.94,4.12,-0.98,-38.79,9.05,10.31,11.61,5.8,6.19,3.45
SBI Offshore,5PL,SBIO.SI,9.476,0,,,Energy - Fossil Fuels,68,-9.52,-5,153.33,,,-18.55,,0,-100,
SBS Transit,S61,SBVV.SI,904.408,1339.23,13.1,4.5,Transportation,106,3.94,-3.33,3.2,-28.75,5.15,13.11,5.21,36.15,,2.5
Second Chance,528,SECD.SI,129.151,30.806,20.73,4.97,Retailers,66,2.4,-1.72,-3.39,-15.79,20.22,2.38,19.85,14.53,-4.24,0.62
Secura,43B,SECU.SI,28,35.685,,4.29,Industrial & Commercial Services,59,-7.89,-18.6,34.62,59.09,-7.24,-5.9,,26.01,,0.55
Sembcorp Ind,U96,SCIL.SI,2574.069,8290,,2.08,Utilities,118,8.27,60.59,78.66,36.12,-2.21,-1.19,5.4,163.87,,0.31
Sembcorp Marine,S51,SCMN.SI,1795.457,2246.885,,,Industrial Goods,94,-8.92,-49.44,-69.1,-81.46,-14.5,-15.03,,193.26,,1.37
Sen Yue,5BS,SENY.SI,21.654,231.739,,,Mineral Resources,58,0,0,0,-21.43,-8.27,-54.36,,154.55,-4.49,0.28
Serial System,S69,SERL.SI,63.326,916.137,,1.86,Industrial Goods,84,-4.11,-5.41,1.45,-11.39,-0.42,-1.38,36.41,106.29,,0.38
Seroja Inv,IW5,SERO.SI,30.802,-24.988,,,Transportation,56,0,-5.95,64.58,5.33,,-12.28,2.15,8.98,,0.33
SEVAK,BAI,SEVA.SI,17.442,297.468,,,Telecommunications Services,65,-17.28,-9.46,-10.07,-52.98,-0.36,-2.71,28.13,12.95,,0.87
SGX,S68,SGXL.SI,9859.106,1052.698,20.96,3.32,Banking & Investment Services,121,1.88,9.92,-6.41,11.92,44.84,40.4,17.55,0,15.71,7.77
Shanghai Turbo,AWM,SHTU.SI,27.46,3.691,,,Industrial Goods,49,,,,,-240.92,-44.32,,8.27,-16.75,
Shangri-La HKD,S07,0069.HK,21762.453,13094.779,,,Cyclical Consumer Services,,-6.18,1.17,0.33,-20.76,-15.83,-4.13,49.94,95.41,-33.4,0.73
Sheng Siong,OV8,SHEN.SI,2495.871,1249.092,22.13,3.19,Food & Drug Retailing,67,0.61,2.47,13.7,45.61,9.06,32.7,15.57,17.15,32.99,5.48
Shinvest,BJW,SHIN.SI,89.716,14.997,0.55,3,Industrial Goods,42,-17.13,6.76,3.45,25,1083.1,132.23,0.55,23.66,-14.35,0.48
Shopper360,1F0,SHOP.SI,11.311,53.28,11.38,,Cyclical Consumer Services,72,6.45,-1.98,1.02,-31.72,2.23,5.7,4.55,0.38,0.99,
SHS,566,SEEH.SI,115.124,32.526,62.07,1.85,Industrial & Commercial Services,61,-0.61,-0.61,0.62,-2.99,0.97,1.03,20.92,10.68,,0.67
SIA,C6L,SIAL.SI,10451.178,15975.9,,1.61,Transportation,94,0.29,-5.14,-20.04,-45.67,-1.06,-1.88,5.17,50.08,-2.13,0.86
SIA Engineering,S59,SIAE.SI,1922.239,994.146,9.91,4.68,Transportation,97,-6.04,-12.76,-5,-33.72,19.16,12.27,7.21,1.26,-2.62,1.8
SIIC Environment,BHK,SIIC.SI,495.916,1151.297,4.21,5.26,Utilities,66,-1.55,-13.64,-15.56,-22.45,13.6,7.06,2.18,182.05,5.45,0.45
Silkroad Nickel,STP,SILK.SI,52.177,17.633,,,Mineral Resources,74,19.76,17.65,5.26,13.64,-1.38,-1.71,27.02,23.97,,
Silverlake Axis,5CP,SLVX.SI,768.83,217.373,12.37,3.26,Software & IT Services,79,-6.56,18.75,7.55,-33.72,27.83,27.59,10.7,12.56,-2.38,7.3
Sim Leisure,URR,SIMI.SI,33.974,5.77,173.47,,Cyclical Consumer Services,71,0,-11.54,9.68,29.73,2.61,0.96,33.92,22.5,-16.65,1.77
Sin Ghee Huat,B7K,SGHC.SI,36.408,37.475,,,Mineral Resources,55,-8.89,5.81,-11.35,-30.21,-11.11,-5.02,,0,,0.56
Sin Heng Mach,BKA,SIHM.SI,36.764,70.366,54.79,,Industrial Goods,64,8.47,25.49,14.29,25.49,0.95,0.6,3.65,16,,0.37
Sinarmas Land,A26,SINA.SI,741.539,899.505,12.76,2.33,Real Estate,84,-1.21,-6.32,-11.89,-25.91,15.46,2.06,4.8,79.85,,0.43
Sincap,5UN,SINC.SI,8.529,26.196,,,Energy - Fossil Fuels,39,-16.67,-28.57,-37.5,-16.67,-0.82,-0.48,,11.65,-53.32,0.28
Sing Inv & Fin,S35,SINV.SI,189.151,87.25,10.48,2.5,Banking & Investment Services,97,0,-0.83,7.14,-15.49,35,4.89,9.64,2.59,6.54,0.64
Sing Paincare,FRQ,SINR.SI,32.163,,,3.52,Healthcare Services,,4.74,,,,,,,,,
Singapore O&G,1D8,SINP.SI,109.818,38.972,,2.17,Healthcare Services,94,2.22,-9.8,9.52,-34.29,-5.56,-5.1,3229.94,7.59,,4.02
SingaporeKitchen,5WG,SING.SI,15.19,28.054,58.68,5.1,Cyclical Consumer Products,75,0,8.89,22.5,-10.91,0.86,1.77,6.13,40.61,-12.1,1.12
SingHaiyi,5H0,SIHL.SI,296.53,57.169,,,Real Estate,73,-2.78,0,0,-24.73,-44.59,-1.21,,175.3,,0.6
SingHoldings,5IC,SHDS.SI,150.373,318.892,4.44,4.93,Real Estate,73,0,2.74,13.64,-2.6,17.13,11.96,2.74,58.63,,0.58
SingMedical,5OT,SMGL.SI,120.755,88.974,12.07,1.6,Healthcare Services,65,0,-1.96,8.7,-19.35,11.56,7.19,6.12,28.5,,1.34
SingMyanmar,Y45,SINO.SI,9.498,28.354,,,Transportation,62,3.45,-6.25,87.5,-57.14,-50.08,-51.67,,62.21,,1.35
SingPost,S08,SPOS.SI,1535.685,1313.783,22.02,4,Transportation,111,0.75,-11.76,-4.93,-28.57,7.63,5.49,9.13,18.03,-0.72,1.39
SingReinsurance,S49,SPRS.SI,169.462,116.287,22.78,4.11,Insurance,67,0,1.82,3.7,-3.45,6.41,2.76,21.7,0,,0.65
SingShipping,S19,SSHP.SI,91.883,63.375,7.65,4.35,Industrial Goods,73,2.22,-11.54,-4.17,-20.69,19.69,10.31,3.84,68.32,,1
Singtel,Z74,STEL.SI,35434.273,16542.301,33.03,5.65,Telecommunications Services,128,-1.81,-13.55,-21.38,-31.33,6.36,3.8,9.75,35.74,-4.77,1.65
Singtel 10,Z77,,,,,,,,,,,,,,,,,
Sinjia Land,5HH,SINJ.SI,4.801,0.605,,,Cyclical Consumer Services,73,19.05,13.64,212.5,38.89,-624.79,-45.24,,1.55,1.51,0.28
Sino Grandness,T4B,SOGF.SI,21.9,610.565,0.42,,Food & Beverages,42,-5,-13.64,35.71,-56.82,7.41,6.6,0.31,32.91,-9.99,0.19
SinoCloud,5EK,SINL.SI,14.294,5.827,,,Software & IT Services,49,0,0,0,0,-575.04,-58.41,,6.35,-33.21,0.35
Sinopipe,X06,SPHL.SI,40.232,0,,,Cyclical Consumer Products,36,,,,,,,,,,
Sinostar Pec,C9Q,SNSR.SI,93.059,659.198,3.93,3.45,Energy - Fossil Fuels,68,0.69,3.57,-13.69,-30.95,4.21,14.43,1.24,142.38,3.55,0.82
Sitra,5LE,SITR.SI,17.196,14.165,,,Applied Resources,59,0,0,27.27,-22.22,-9.52,-10.67,,14.3,-17.25,0.59
SK Jewellery,42G,SKJE.SI,87.188,107.194,19.72,3.23,Retailers,70,4.03,93.75,93.75,63.16,3.99,6.91,3.12,114.98,,0.84
SLB Dev,1J0,SLBD.SI,105.908,46.166,9.79,,Real Estate,61,0.87,12.62,-10.08,-3.33,21.5,7.05,10.33,59.06,,0.8
Soilbuild Const,S7P,SOIL.SI,49.633,196.099,,8.47,Industrial & Commercial Services,72,55.26,84.37,47.5,-4.84,-12.88,-35.77,,86.13,,0.6
SoilbuildBizReit,SV3U,SBSR.SI,635.215,90.528,18.52,6.06,Real Estate,87.3,2.04,20.48,28.21,-4.76,35.99,4.24,,71.27,-0.11,0.9
Soon Lian,5MD,SNLN.SI,8.1,32.446,,,Mineral Resources,66,0,5.63,368.75,44.23,-1.38,-1.54,12.76,26.5,0.16,0.22
Soup Restaurant,5KI,SRGL.SI,26.566,37.271,118.67,2.25,Cyclical Consumer Services,66,-1.11,-1.11,-1.11,-44.38,0.56,2.15,3.17,161.5,,4.75
Southern Pkg,BQP,SOUT.SI,32.437,130.749,50.95,0.54,Applied Resources,71,-8,104.44,104.44,17.95,0.49,0.57,2.38,58.81,-8.48,
SouthernAlliance,QNS,SOUH.SI,146.764,83.27,7.18,,Mineral Resources,,11.11,13.21,,,24.42,,6.54,,34.42,
SP Corp,AWE,SPPS.SI,16.146,56.015,5.64,,Industrial & Commercial Services,80,2.22,-8,24.32,-8.91,5.11,5.12,5.58,16.7,,0.36
Spackman,40E,SPAC.SI,11.681,25.226,,,Cyclical Consumer Services,78,-14.29,-33.33,-33.33,-62.5,-40.09,-13.88,,10.63,,0.26
SPH,T39,SPRM.SI,1616.656,865.662,,2.48,Cyclical Consumer Services,112,-5.61,-15.83,-33.99,-52.36,-13,-2.26,,56.53,,0.88
SPHREIT,SK6U,SPHR.SI,2279.576,241.463,,2.75,Real Estate,78.6,-6.78,-5.71,3.12,-28.26,-26.52,-2.7,,39.58,,1.02
Spindex Ind,564,SNEX.SI,104.982,149.626,8.61,3.08,Industrial Goods,53,1.68,7.06,21.33,-8.08,8.15,9.88,4.74,0.22,,0.87
Spura Finance,S23,SBDS.SI,125.362,31.108,32.75,2.53,Banking & Investment Services,88,-1.25,-1.25,3.82,-9.59,19.3,1.49,25.15,0.44,,0.54
Sri Trang Agro,NC2,STA.BK,47616,63001.711,22.08,1.13,Automobiles & Auto Parts,61,14.81,6.9,164.96,174.34,3.95,7.78,9.33,108.87,-4.13,0.81
ST Engineering,S63,STEG.SI,11209.758,7928.845,19.89,4.18,Industrial Goods,97,5.28,9.45,6.85,-9.8,7.22,25.87,11.61,76.36,,6.02
ST Group Food,DRX,STGR.SI,28.207,42.311,34.37,3.98,Cyclical Consumer Services,53,5.5,22.34,-47.73,-57.41,0.54,5.23,3.55,23.68,-15.6,
Stamford Land,H07,SFLD.SI,234.889,195.082,9.66,1.67,Cyclical Consumer Services,78,-3.23,-14.29,-16.67,-38.14,14.21,5.02,5.97,20.49,,0.8
Stamford Tyres,S29,STAS.SI,41.674,199.851,,2.84,Automobiles & Auto Parts,76,-1.68,6.02,-2.22,-20,-2.01,-3.34,7.66,70.85,,0.51
Starburst,40D,STAB.SI,107.595,15.443,61.57,0.6,Industrial & Commercial Services,55,1.22,12.16,18.57,9.21,11.64,7.6,36.29,67.67,,4.12
StarhillGbl Reit,P40U,STHL.SI,965.782,180.773,,5.7,Real Estate,78,-3.3,-12,-11.11,-41.33,-53.89,-5.27,,58.66,-12.33,0.88
StarHub,CC3,STAR.SI,2129.931,2140.6,12.7,5.69,Telecommunications Services,93,2.5,-4.65,-14.58,-3.91,7.75,33.33,4.11,259.2,-8.96,5.56
Starland,5UA,STHO.SI,14.514,3.265,50.25,30,Real Estate,69,0,20.48,-16.67,11.11,4.06,1.06,68.62,3.15,-78.04,0.52
Straco,S85,STRA.SI,434.465,64.054,31.08,5,Cyclical Consumer Services,54,0,-2.91,-1.96,-32.43,22.45,5.21,17.23,23.95,,2.39
Straits Trading,S20,STCM.SI,640.71,351.011,13.45,3.82,Mineral Resources,65,3.29,-0.63,-7.65,-23.79,16.72,3.22,9.48,60.34,,0.61
StratechGroup,BRR,STRT.SI,10.257,5.513,,,Software & IT Services,,,,,,-124.34,,,,-15.91,
SunMoonFood,AAJ,SMFC.SI,24.324,21.102,,,Food & Beverages,55,-29.55,-38,-3.13,-42.59,-21.32,-57.85,,25.15,-65.98,1.72
Sunningdale Tech,BHQ,SUND.SI,309.026,626.25,18.88,4.22,Industrial Conglomerates,77,6.62,61.81,67.71,34.17,2.64,4.39,5.86,34.16,,0.71
Sunpower,5GD,SUNP.SI,468.495,789.02,5.42,0.42,Industrial Goods,47,7.27,32.58,38.82,22.92,11.15,24.17,3.95,170.05,10.73,1.22
Sunright,S71,SNRT.SI,43.596,110.622,25.87,0.85,Technology Equipment,51,4.41,10.94,7.58,-13.41,1.54,2.03,1.77,29.67,,0.58
Sunrise Shares,581,SUNR.SI,9.211,0.564,,,Real Estate,74,12.82,57.14,300,,-97.27,-11.41,,17.54,-79.61,0.98
Suntar Eco-City,BKZ,SECL.SI,43.74,1.343,47.22,,,35,0,39,82.89,131.67,69.04,5.26,58.09,0,,0.74
Suntec Reit,T82U,SUNT.SI,4033.777,338.105,15.44,4.84,Real Estate,85.3,-4.67,0,2.88,-24.34,76.18,4.94,15.61,62.37,,0.94
SunVic Chemical,A7S,SVCH.SI,11.288,190.697,,,Chemicals,39,,,,,9.73,29.83,0.43,389.37,-43.6,0.3
SUTL Enterprise,BHU,SUTL.SI,35.449,18.035,12.7,4.88,Cyclical Consumer Services,68,3.8,10.81,26.15,-24.07,11,4.79,4.51,1.17,,0.88
Swiber,BGK,SWBR.SI,50.4,1167.025,,,Energy - Fossil Fuels,35,,,,,-2.21,-4.97,1.04,192.3,24.21,0.2
Swing Media Tech,BEV,SWMT.SI,25.725,199.303,,,Technology Equipment,50,,,,,6.53,4.97,0.6,20.46,2.19,0.09
Swissco Hldg,ADP,SWCO.SI,36.138,48.03,,,Energy - Fossil Fuels,22,,,,,-890.84,-334.88,,82.09,-58.25,0.45
Synagie,V2Y,SYNA.SI,60.567,48.673,,,Software & IT Services,70,-7.91,10.61,106.25,51.63,-1.19,-8.14,146.65,0,167.68,8.77
Sysma,5UO,SYSM.SI,35.757,33.387,42.15,7.3,Industrial & Commercial Services,54,5.38,2.24,-1.44,-23.46,2.46,1.46,11.5,0.87,10.08,0.8
TA,PA3,TACO.SI,62.168,196.514,,,Real Estate,64,26.32,-13.67,-22.08,-36.84,-15.42,-20.88,,227.83,,0.67
Tai Sin Electric,500,TAIS.SI,145.841,276.414,14.69,4.76,Industrial Goods,60,3.28,8.62,10.53,-7.35,3.63,5.45,8.62,14.73,,0.81
TalkMed,5G3,TALK.SI,566.764,71.128,18.39,3.02,Healthcare Services,69,10.26,-1.15,-5.49,-14.85,38.87,39.93,18.26,5.83,,8.57
Tat Seng Pkg,T12,TASE.SI,84.888,276.132,4.89,3.7,Applied Resources,45,-2.7,20,22.73,8,6.68,12.68,3.05,62.99,,0.62
TCIL HK$,T15,0693.HK,4167.55,13405.927,102.88,4.83,Retailers,,-0.48,7.81,11.89,-1.9,0.91,0.38,5.81,37.48,-9.81,0.44
Tech Oil & Gas,5CQ,TECH.SI,16.777,65.026,,,Energy - Fossil Fuels,24,,,,,-9.13,-7.26,11.17,154.58,-16.52,2.44
Teckwah,561,TECK.SI,150.64,172.499,15.52,2.33,Industrial & Commercial Services,66,0.78,30.3,81.69,46.59,6.69,6.19,4.55,17.18,,0.63
TEE Intl,M1Z,TEEI.SI,18.796,329.945,,,Industrial & Commercial Services,69,-9.38,-14.71,26.09,-34.09,-15.61,-97.06,,381.74,32.33,0.54
Teho Intl,5OQ,TEHO.SI,10.594,59.265,8.93,,Industrial Goods,64,0,55.17,221.43,221.43,2,8.29,3.62,271.64,8.98,
TeleChoice Intl,T41,TCIN.SI,86.34,260.73,44.08,5.26,Technology Equipment,66,0,-1.04,-4.04,0,0.77,3.03,10.79,59.04,,1.41
ThaiBev,Y92,TBEV.SI,14553.562,11399.1,14.15,2.97,Food & Beverages,64,-4.13,-13.43,-16.55,-33.71,10.17,18.04,10.05,178.42,0.99,3.95
Thakral,AWI,THAK.SI,54.961,100.452,8.4,7.14,Real Estate,84,0,-1.18,0,-7.69,17.63,4.79,2.78,38.49,,0.48
The Place Hldg,E27,THEP.SI,64.687,2.169,25.58,,Cyclical Consumer Services,75,-8.33,-8.33,-15.38,-35.29,116.23,2.7,19.55,0.25,,1.72
TheHourGlass,AGS,HRGS.SI,479.408,749.451,6.29,2.94,Retailers,71,0,3.03,4.62,-15,10.34,13.04,4.31,2.67,3.96,0.84
Thomson Medical,A50,THOS.SI,1269.169,216.13,,,Healthcare Services,63,0,-14.29,-21.31,-18.64,-45.35,-18.83,,103.14,,2.93
Tianjin ZX USD,T14,TIAN.SI,1622.26,1008.124,7.12,,,65,2.48,-6.78,23.13,1.23,9.12,11.34,15.22,0.09,-0.43,0.7
TIH,T55,TIHL.SI,53.171,2.841,,4.55,Banking & Investment Services,55,-2.22,0,4.76,10,-79.87,-1.88,,0.25,-70.48,0.54
Tiong Seng,BFI,TISE.SI,66.645,338.032,,3.45,Industrial & Commercial Services,63,1.4,-9.38,-10.49,-27.5,-0.47,-0.51,3.72,37.74,,0.38
Tiong Woon,BQM,TION.SI,90.572,124.685,11.95,0.77,Industrial Goods,47,-2.5,4,-2.5,11.43,6.04,2.96,2.26,40.65,,0.34
TLV,42L,TLVH.SI,28.841,,,,Retailers,76,-3.77,2,2,-19.05,,,,41.03,,0.43
Top Global,BHO,TPGB.SI,48.207,50.215,,,Real Estate,66,-3.23,-5.06,-11.24,-12.28,-5.46,-1.94,25.74,7.84,,0.23
Top Glove,BVA,TPGC.KL,76393.133,7236.317,51.25,1.27,Healthcare Services,,17.04,21.93,312.06,545.62,26.31,42.33,36.15,95.42,50.72,4.79
Tosei,S2D,8923.T,50977.129,71294.914,15.38,4.01,Real Estate,,6.5,21.58,5.54,-24.28,4.58,5.67,11.64,152.94,15.03,0.99
Transcorp,T19,TCHL.SI,1.347,1.554,,,Automobiles & Auto Parts,28,0,0,0,0,-196.65,-106.75,,69.87,-59.32,0.81
Transit Concrete,570,TMCL.SI,4.732,9.091,,,Mineral Resources,56,-15,-15,-16.05,-15,-20.1,-14.81,,0.07,1.22,1.06
Travelite,BCZ,TRHL.SI,5.042,42.571,,,Retailers,56,0,-27.27,-27.27,,-14.56,-28.25,,42.81,-0.49,
Trek 2000 Intl,5AB,TRKL.SI,29.171,37.43,,,Technology Equipment,42,2.27,28.57,66.67,23.29,-9.28,-6.09,,0,77.4,0.44
Trendlines,42T,THET.SI,71.118,6.606,,,Banking & Investment Services,74,1.12,-11.76,-5.26,2.27,-54.47,-2.91,,6.97,,0.41
TrickleStar,CYW,TRIC.SI,26.287,19.609,17.86,,Industrial Goods,57,-8.57,0,-5.88,6.67,6.79,13.8,17.5,0,6.46,3.41
Tritech,5G9,TTGL.SI,13.508,10.644,,,Industrial & Commercial Services,78,0,-6.67,7.69,-17.65,-204.07,-100.79,,133.19,,1.56
Triyards,RC5,TRIY.SI,27.378,157.799,,,Energy - Fossil Fuels,46,,,,,-139.81,-114.28,,67.12,-64.23,0.28
TSH,KUH,TSHC.SI,4.524,5.744,,,Cyclical Consumer Services,,0,-27.14,-2.86,-54.67,-5.79,-3.99,4.51,20.47,-19.22,1.25
TT Intl,T09,TINL.SI,14.57,85.576,,,Retailers,37,,,,,-40.89,,,,-39.48,
TTJ,K1Q,TTJH.SI,47.25,77.683,,2.96,Industrial & Commercial Services,60,7.14,-12.9,18.42,-38.64,-20.43,-8.47,,5.74,,0.59
Tuan Sing,T24,TSHS.SI,371.767,251.171,9.63,1.94,Real Estate,106,1.64,8.77,26.53,-6.06,14.89,3.49,8.07,152.59,,0.38
Tung Lok Rest,540,TGLK.SI,31.282,78.076,,,Cyclical Consumer Services,63,3.64,-5,-22.45,-27.85,-3.5,-18.62,3.76,14.48,-3.17,2.98
Tye Soon,BFU,TYES.SI,8.552,203.564,10.72,,Automobiles & Auto Parts,66,8.89,-1.01,84.91,-20.97,0.42,1.54,1.47,165.28,-7.54,0.22
UGHealthcare,8K7,UGHE.SI,621.128,144.209,44.63,0.09,Healthcare Services,,31.74,84.76,1342.86,1736.37,10.46,28.35,35.4,90.58,,0.78
UIC,U06,UICS.SI,3352.442,720.788,41.61,1.71,Real Estate,54,10.38,5.41,3.54,-16.73,10.78,1.12,26.56,12.97,,0.59
UMS,558,UMSH.SI,547.158,148.524,13.41,4.41,Technology Equipment,66,6.25,12.71,31.47,55.37,27.48,16.43,11.43,27.35,30.54,1.45
Uni-Asia Grp,CHJ,UAFC.SI,34.148,121.671,,9.66,Real Estate,71,2.35,-15.53,-13,-39.16,-11.36,-8.62,1.99,350.88,,0.36
Union Gas,1F2,UNIO.SI,98.44,87.619,8.59,4.77,Utilities,72,22.86,45.76,86.96,75.51,13.07,37.13,5.89,0.66,31.21,2.06
Union Steel,BLA,UNIS.SI,12.995,59.742,,,Mineral Resources,73,-15.38,-1.49,0,15.79,-13.05,-13.24,,49.61,,0.19
United Food,AZR,UTDF.SI,6.595,4.8,,,Food & Beverages,34,-18.6,-12.5,-14.63,-30,-33.53,-2.87,,4.05,-66.88,0.24
United Global,43P,UNIT.SI,132.643,53.323,1.54,2.86,Energy - Fossil Fuels,88,0,2.44,-2.61,-10.56,161.94,92.24,1.52,33.42,,2.73
Universal Res,BGO,UNIV.SI,4.088,0.01,,,Energy - Fossil Fuels,41,,,,,-714990,-64.96,,0,-99.94,0.03
UnUsUaL,1D1,UNUS.SI,139.968,61.943,23.05,,Cyclical Consumer Services,57,-0.73,-6.85,-5.56,-47.69,9.79,10.84,17.57,7.54,8.8,6.42
UOA,EH5,UOS.AX,380.189,503.699,17.4,2.53,Real Estate,,10.49,10.49,11.27,0.64,22.1,4.39,3.18,8.73,-21.16,0.73
UOB,U11,UOBH.SI,33004.75,11628.828,9.15,4.8,Banking & Investment Services,113,2.03,-4.67,-1.21,-23.99,36.43,9.06,7.99,82.19,-5.09,1.11
UOB Kay Hian,U10,UOKH.SI,1095.055,470.269,9.26,3.21,Banking & Investment Services,52,3.15,11.02,11.02,8.26,24.94,7.64,8.19,65.13,,0.67
UOI,U13,UOIS.SI,397.508,47.052,7.25,2.62,Insurance,90,-1.22,-4.13,2.45,-7.9,61.98,7.18,12.93,0.81,-16.2,1.06
UOL,U14,UTOS.SI,5728.276,1937.986,44.45,2.58,Real Estate,86,1.65,-0.88,-1.31,-10.07,8.8,1.33,19.44,49.11,,0.65
UOL  A,MKO,,,,,,,,,,,,,,,,,
USP Group,BRS,USPG.SI,9.001,32.264,,,Energy - Fossil Fuels,27,39.44,-2.94,86.79,182.86,-13.1,-14.56,,150.57,-20.02,0.23
UtdHampshReitUSD,ODBU,UNIE.SI,289.435,,,3.04,Real Estate,,0.86,2.63,-7.87,,,,,,,
Vallianz,WPC,VHLD.SI,22.905,256.156,,,Transportation,68,-18,-28.07,-30.51,-57.29,-72.58,-114.57,,176.53,,0.43
ValueMax,T6I,VAMG.SI,174.632,225.402,6.41,5.37,Banking & Investment Services,56,-3.23,5.26,7.14,0,11.82,12.2,5.36,132.63,,0.74
Valuetronics,BN2,VLUE.SI,252.37,412.555,8.03,6.02,Technology Equipment,70,8.41,1.75,-7.2,-9.38,7.6,14.97,6.19,0,,1.45
Venture,V03,VENM.SI,6048.571,3166.902,19.38,3.61,Technology Equipment,94,7.94,24.05,30.34,30.1,9.86,12.7,17.06,0.68,,1.97
Versalink,40N,VERS.SI,13.506,16.165,,,Industrial & Commercial Services,65,0,-32.89,-32.89,-32.89,-2.54,-2.59,19.44,4.61,-2.74,1.01
Vibrant Group,BIP,VIBR.SI,62.118,145.455,,,Transportation,46,-1.11,-21.24,-7.29,-29.37,-23.12,-11.76,,121.52,-47.58,0.43
VibroPower,BJD,VIBO.SI,10.467,6.015,,,Industrial Goods,69,1.27,11.11,39.13,46.84,-77.37,-29.77,,53.86,-60.87,0.23
VICOM Ltd,WJP,VCOM.SI,719.773,92.44,29.71,2.99,Industrial & Commercial Services,,-0.49,-7.73,4.64,5.18,26.66,19.46,22.55,26.35,,4.7
Vicplas Intl,569,VICP.SI,165.288,88.849,33.06,1.15,Healthcare Services,52,-4.41,157.94,232.16,281.79,5.51,8.15,15.8,14.79,10.83,0.61
Viking Offshore,557,VIKO.SI,4.427,22.093,,,Energy - Fossil Fuels,71,,,,,-139.18,-163.83,,95.09,-7.25,
Vividthree,OMK,VIVI.SI,21.043,6.136,,,Cyclical Consumer Services,46,-10,-21.25,-5.97,-53.33,-12.39,-3.04,212.1,5.88,,2.27
Wee Hur,E3B,WHHL.SI,183.44,195.489,4.62,3.57,Industrial & Commercial Services,63,5.95,5.95,3.7,-10.91,19.6,10.06,3.13,59.97,,0.52
Willas-Array,BDR,0854.HK,177.231,3175.259,,,Technology Equipment,72,7.77,-18.43,6.67,-20.31,-2.28,-11.69,,153.01,,0.41
Wilmar Intl,F34,WLIL.SI,28715.322,61202.879,14.57,3.01,Food & Beverages,78,2.75,4.42,31.29,26.12,3.37,8.8,8.56,147.96,,1.07
Wilton Resources,5F7,WILT.SI,79.259,0.634,,,Mineral Resources,61,0,0,10.71,24,-3386.07,-353.96,,253.24,,6.86
Wing Tai,W05,WTHS.SI,1437.008,371.026,,1.66,Real Estate,91,2.84,3.43,7.1,-10.4,4.23,0.09,34.79,17.87,,0.45
Winmark Inv,40R,WINM.SI,162.446,4.23,,,Industrial & Commercial Services,15,,,,,-74.2,-279.45,,118.59,9.45,
Wong Fong Ind,1A1,WONG.SI,37.365,52.244,22.78,3.27,Industrial Goods,67,6,12.77,28.23,-8.09,3.46,3.28,7.33,22.29,-8.2,0.67
World Class Gbl,1E6,WORL.SI,87.008,145.328,8.71,,Real Estate,62,-20.83,-26.92,-20.83,-36.67,6.48,8.26,9.01,103.95,,1.44
World Precision,B49,WPML.SI,80.223,167.323,27.4,4.93,Industrial Goods,56,-9.09,-9.09,17.65,2.56,1.75,1.34,4.54,3.14,-4.27,0.27
XMH,BQF,XMHL.SI,8.016,53.964,,,Industrial Goods,64,-30,-41.67,0,-46.56,-15.44,-15.5,,123.52,,0.4
Y Ventures,1F1,YVEN.SI,16.515,39.913,,,Software & IT Services,67,-8.86,-23.4,2.86,-35.14,-2.83,-24.06,,65.49,34.48,7.53
Yamada Green Res,BJV,YAMR.SI,58.805,15.328,,,Food & Beverages,33,,,,,8.93,2.29,28.13,2.92,23.19,
Yanlord Land,Z25,YNLG.SI,2188.678,4070.24,4.03,6.07,Real Estate,58,-2.61,-15.79,5.66,-5.08,21.14,9.9,2.39,152.98,,0.5
Yeo Hiap Seng,Y03,YHSS.SI,440.732,340.435,,2.63,Food & Beverages,73,1.33,-11.11,-6.76,-13.08,-1.07,-0.6,35.07,3.63,,0.83
YHI Intl,BPF,YHII.SI,116.918,406.446,9.18,5.55,Automobiles & Auto Parts,61,9.59,25,33.33,15.94,3.11,4.95,3.98,42.05,,0.41
Yinda Infocomm,42F,YIND.SI,18.696,,,,Telecommunications Services,68,60.78,141.18,645.45,,,,,216.14,,1.24
Ying Li Intl,5DM,YING.SI,215.391,44.835,,,Real Estate,66,-2.33,-3.45,29.23,-15.15,-133.06,-9.38,,81.44,,0.52
Yoma Strategic,Z59,YOMA.SI,581.015,126.301,,,Real Estate,101,-7.14,-11.86,31.31,-20,-81.16,-12.46,,67.66,,0.83
Yongmao,BKX,YNMH.SI,63.188,195.152,5.22,1.41,Industrial Goods,64,-5.33,-23.66,7.58,-11.25,5.09,7.95,2.77,34.82,,0.22
Yongnam,AXB,YNAM.SI,43.376,154.521,,,Industrial & Commercial Services,71,-3.49,-6.74,-6.74,-44.3,-40.52,-29.74,,76.02,,0.37
Yunnan Energy,T43,1298.HK,515.067,188.197,,,Technology Equipment,43,-1.58,-4.1,-27.24,-33.21,-6.26,-4.27,,71.85,-61.8,3.1
YuuZoo Networks,AFC,YUUZ.SI,29.657,15.733,,,Software & IT Services,-12,,,,,-18.51,,21.06,,-4.17,
YZJ Shipbldg CNY,SO7,,,,,,,,,,,,,,,,,
YZJ Shipbldg SGD,BS6,YAZG.SI,3865.616,3759.349,7.47,4.64,Industrial Goods,74,-3,3.19,-3.96,2.11,14.49,8.26,6.06,17.64,-21.57,1.03
Zheneng Jinjiang,BWM,ZHEN.SI,998.787,750.315,13549.46,,Industrial & Commercial Services,70,24.55,31.73,47.31,15.13,0.33,0.01,9.01,129.04,,0.76
Zhongmin Baihui,5SR,ZBRG.SI,133.87,213.695,15.33,3.68,Retailers,63,7.09,15.25,7.09,-4.9,3.99,22.61,5.34,207.83,,
Zhongxin Fruit,5EG,ZHON.SI,22.227,35.389,32.76,,Food & Beverages,52,31.25,16.67,200,320,1.92,4,24.79,73.8,74.53,0.2
ZICO Hldgs,40W,ZICO.SI,32.848,22.238,,,Banking & Investment Services,64,-15.25,-14.53,-32.43,-24.81,-14.56,-7.89,79.53,60.39,,